previous_date,current_date,return
2005-01-03,2005-01-04,-0.011753594291111336
2005-01-04,2005-01-05,0.0021769140915366414
2005-01-05,2005-01-06,-0.00656953642384106
2005-01-06,2005-01-07,-0.002613193962988536
2005-01-07,2005-01-10,0.0026200406373648732
2005-01-10,2005-01-11,0.0023998720068263424
2005-01-11,2005-01-12,0.007235582038731758
2005-01-12,2005-01-13,-0.005282062117050512
2005-01-13,2005-01-14,-0.007274851316907416
2005-01-14,2005-01-18,-0.0001069804760630566
2005-01-18,2005-01-19,0.0026213020916920904
2005-01-19,2005-01-20,-0.0011738341692455467
2005-01-20,2005-01-21,0.0010683760683760646
2005-01-21,2005-01-24,0.0020277481323371926
2005-01-24,2005-01-25,-0.006976248801789264
2005-01-25,2005-01-26,0.009974794873169879
2005-01-26,2005-01-27,0.0017522434025381006
2005-01-27,2005-01-28,-0.0008480865048234865
2005-01-28,2005-01-31,0.0
2005-01-31,2005-02-01,-0.003076923076923088
2005-02-01,2005-02-02,0.0018092805449128058
2005-02-02,2005-02-03,-0.0011154785934346378
2005-02-03,2005-02-04,0.0023929805902684897
2005-02-04,2005-02-07,-0.012891246684350155
2005-02-07,2005-02-08,-0.001988498952007367
2005-02-08,2005-02-09,0.0006462035541197064
2005-02-09,2005-02-10,0.006780755569906427
2005-02-10,2005-02-11,-0.0025657472738934706
2005-02-11,2005-02-14,0.013772775991425457
2005-02-14,2005-02-15,-0.0012158376063857723
2005-02-15,2005-02-16,-0.006033661479834862
2005-02-16,2005-02-17,0.009052183173589023
2005-02-17,2005-02-18,-5.2770448548788984e-05
2005-02-18,2005-02-22,0.007546572378489547
2005-02-22,2005-02-23,-0.0013618269432222885
2005-02-23,2005-02-24,0.0019930766810027922
2005-02-24,2005-02-25,0.002355527638191024
2005-02-25,2005-02-28,0.0052222048148728994
2005-02-28,2005-03-01,-0.0022338822795989755
2005-03-01,2005-03-02,-0.004269499114859965
2005-03-02,2005-03-03,-0.0013595482116712798
2005-03-03,2005-03-04,0.007592418054246597
2005-03-04,2005-03-07,-0.004365223717715527
2005-03-07,2005-03-08,0.006941907197661745
2005-03-08,2005-03-09,-0.0027472527472527375
2005-03-09,2005-03-10,-0.0003118665211289118
2005-03-10,2005-03-11,0.0014558311235897126
2005-03-11,2005-03-14,-0.007528165723482694
2005-03-14,2005-03-15,0.0009416195856875031
2005-03-15,2005-03-16,0.006794188355806474
2005-03-16,2005-03-17,-0.001245847176079673
2005-03-17,2005-03-18,-0.002494802494802495
2005-03-18,2005-03-21,-0.01135889954147562
2005-03-21,2005-03-22,0.0012121850953936697
2005-03-22,2005-03-23,-0.015002368795072885
2005-03-23,2005-03-24,-0.0001603249251816985
2005-03-24,2005-03-25,-0.0013362552782083537
2005-03-25,2005-03-28,-0.0014450867052023808
2005-03-28,2005-03-29,0.005091922602776577
2005-03-29,2005-03-30,0.0034129692832765013
2005-03-30,2005-03-31,0.003826530612244916
2005-03-31,2005-04-01,-0.00524142312579412
2005-04-01,2005-04-04,-0.0029804672946937005
2005-04-04,2005-04-05,0.0021352693108418475
2005-04-05,2005-04-06,0.0007457518776967653
2005-04-06,2005-04-07,-0.001011337627082609
2005-04-07,2005-04-08,0.0029838022165387112
2005-04-08,2005-04-11,0.004462388440289011
2005-04-11,2005-04-12,-0.0034905859953459073
2005-04-12,2005-04-13,0.004670417153168405
2005-04-13,2005-04-14,-0.006550449022715288
2005-04-14,2005-04-15,0.00659364032755505
2005-04-15,2005-04-18,0.0064447966191230055
2005-04-18,2005-04-19,0.00593113583875704
2005-04-19,2005-04-20,0.0016697104096008442
2005-04-20,2005-04-21,-0.004844506954211569
2005-04-21,2005-04-22,0.0024602177554438054
2005-04-22,2005-04-25,-0.0017753642107461998
2005-04-25,2005-04-26,-0.004027828634199926
2005-04-26,2005-04-27,0.00036764705882363913
2005-04-27,2005-04-28,0.002625085315272724
2005-04-28,2005-04-29,0.0013091061423260442
2005-04-29,2005-05-02,-0.008524212948436305
2005-05-02,2005-05-03,-0.002584524500237273
2005-05-03,2005-05-04,0.004759386567953383
2005-05-04,2005-05-05,0.00252631578947371
2005-05-05,2005-05-06,-0.006719865602688002
2005-05-06,2005-05-09,-0.004439746300211378
2005-05-09,2005-05-10,-0.00042471862391157966
2005-05-10,2005-05-11,-0.004939451880178525
2005-05-11,2005-05-12,-0.004536962903656239
2005-05-12,2005-05-13,-0.006434316353887359
2005-05-13,2005-05-16,-0.008742579600647615
2005-05-16,2005-05-17,0.001796602787456525
2005-05-17,2005-05-18,-0.001032552578664192
2005-05-18,2005-05-19,-0.0008160156675008912
2005-05-19,2005-05-20,-0.006587902215930752
2005-05-20,2005-05-23,0.002301874383426439
2005-05-23,2005-05-24,0.0
2005-05-24,2005-05-25,0.001312335958005173
2005-05-25,2005-05-26,-0.00584316295325471
2005-05-26,2005-05-27,0.0012084592145014117
2005-05-27,2005-05-31,0.00021945465518191654
2005-05-31,2005-06-01,-0.006088530524929969
2005-06-01,2005-06-02,0.001986754966887494
2005-06-02,2005-06-03,-0.002037893809209046
2005-06-03,2005-06-06,0.004967161543131482
2005-06-06,2005-06-07,0.006095886649459148
2005-06-07,2005-06-08,0.0026200873362445254
2005-06-08,2005-06-09,-0.008656358885017479
2005-06-09,2005-06-10,-0.004448349717172784
2005-06-10,2005-06-13,-0.006454104148278961
2005-06-13,2005-06-14,0.002831602909333153
2005-06-14,2005-06-15,0.008692282139298069
2005-06-15,2005-06-16,-0.0007135408090455098
2005-06-16,2005-06-17,0.0032956168296165433
2005-06-17,2005-06-20,-0.0019161283258513073
2005-06-20,2005-06-21,0.000493664637156499
2005-06-21,2005-06-22,-0.0012061403508771829
2005-06-22,2005-06-23,-0.0020858491601712936
2005-06-23,2005-06-24,0.0022552255225523066
2005-06-24,2005-06-27,0.0017013336260358614
2005-06-27,2005-06-28,-0.005204909051062856
2005-06-28,2005-06-29,-0.004240788676543539
2005-06-29,2005-06-30,-0.00829646017699126
2005-06-30,2005-07-01,-0.012381483547127758
2005-07-01,2005-07-05,-0.007793087869889304
2005-07-05,2005-07-06,0.0007398975526466955
2005-07-06,2005-07-07,-0.00938406415287496
2005-07-07,2005-07-08,-0.0033298886209668366
2005-07-08,2005-07-11,0.011693548387096797
2005-07-11,2005-07-12,0.010818197346694758
2005-07-12,2005-07-13,-0.011209373063707506
2005-07-13,2005-07-14,0.0017659792639852512
2005-07-14,2005-07-15,-0.002957065680978088
2005-07-15,2005-07-18,-0.0005703530485371422
2005-07-18,2005-07-19,-0.009073788734805688
2005-07-19,2005-07-20,-0.00351301543423177
2005-07-20,2005-07-21,0.009709298965497437
2005-07-21,2005-07-22,-0.0033197870757255554
2005-07-22,2005-07-25,0.002411991041176176
2005-07-25,2005-07-26,-0.0022916069894013402
2005-07-26,2005-07-27,0.0013207005455067033
2005-07-27,2005-07-28,0.006250716825323854
2005-07-28,2005-07-29,0.00262153074599647
2005-07-29,2005-08-01,0.005797760472915359
2005-08-01,2005-08-02,0.0018649335970613024
2005-08-02,2005-08-03,0.004512635379061436
2005-08-03,2005-08-04,-0.0006176999101527025
2005-08-04,2005-08-05,-0.0027532730235433345
2005-08-05,2005-08-08,0.00647960333558717
2005-08-08,2005-08-09,-0.0010636511224318967
2005-08-09,2005-08-10,0.0043712172158709706
2005-08-10,2005-08-11,0.008313804262916946
2005-08-11,2005-08-12,0.004260970615904025
2005-08-12,2005-08-15,-0.0033061494379545975
2005-08-15,2005-08-16,0.0004422821760283746
2005-08-16,2005-08-17,-0.001105216622457994
2005-08-17,2005-08-18,-0.007025890683779679
2005-08-18,2005-08-19,-0.0008914145634854043
2005-08-19,2005-08-22,0.004962917526348143
2005-08-22,2005-08-23,-0.0014426811674619344
2005-08-23,2005-08-24,-0.0017226050233385415
2005-08-24,2005-08-25,0.004453103256331747
2005-08-25,2005-08-26,0.001163757273483057
2005-08-26,2005-08-29,-0.0033211557622052634
2005-08-29,2005-08-30,-0.009219149172497998
2005-08-30,2005-08-31,0.009641255605381094
2005-08-31,2005-09-01,0.01482345103264504
2005-09-01,2005-09-02,0.0067837409048634445
2005-09-02,2005-09-06,0.000923762430038666
2005-09-06,2005-09-07,-0.0014115092290989395
2005-09-07,2005-09-08,-0.00032619332390992906
2005-09-08,2005-09-09,0.0006525995214270441
2005-09-09,2005-09-12,-0.00891304347826083
2005-09-12,2005-09-13,-0.0012064049133583277
2005-09-13,2005-09-14,0.00164708466015151
2005-09-14,2005-09-15,-0.009592194694146072
2005-09-15,2005-09-16,-0.0018816757983285415
2005-09-16,2005-09-19,0.000332686443027308
2005-09-19,2005-09-20,0.00027714649963961335
2005-09-20,2005-09-21,0.0028261110495402253
2005-09-21,2005-09-22,-0.009946399955793828
2005-09-22,2005-09-23,-0.0071998660490038
2005-09-23,2005-09-26,-0.0023611423431526557
2005-09-26,2005-09-27,-0.003888200157782018
2005-09-27,2005-09-28,-0.0021496860326978284
2005-09-28,2005-09-29,-0.0010771585690798613
2005-09-29,2005-09-30,0.004313280363223537
2005-09-30,2005-10-03,-0.007798372513562413
2005-10-03,2005-10-04,0.0016516687549834597
2005-10-04,2005-10-05,0.003866492295445667
2005-10-05,2005-10-06,0.004134806003964764
2005-10-06,2005-10-07,-0.0072766245487364545
2005-10-07,2005-10-11,-0.006250355133814445
2005-10-11,2005-10-12,0.0024586883183717045
2005-10-12,2005-10-13,-0.002737850787132179
2005-10-13,2005-10-14,0.011038663921299596
2005-10-14,2005-10-17,-0.007014764948803487
2005-10-17,2005-10-18,-0.0037600410186293676
2005-10-18,2005-10-19,0.008005947275118608
2005-10-19,2005-10-20,0.004822147841379909
2005-10-20,2005-10-21,-0.001129177958446248
2005-10-21,2005-10-24,0.0010739317205514798
2005-10-24,2005-10-25,0.00813054034216032
2005-10-25,2005-10-26,-0.004984598151778319
2005-10-26,2005-10-27,0.003940110323089163
2005-10-27,2005-10-28,-0.003083651042834701
2005-10-28,2005-10-31,-0.005174062201226071
2005-10-31,2005-11-01,-0.0033354061846345706
2005-11-01,2005-11-02,0.007090187180941676
2005-11-02,2005-11-03,-0.0019712756969868517
2005-11-03,2005-11-04,-0.011851015801354503
2005-11-04,2005-11-07,-0.003997715591090745
2005-11-07,2005-11-08,-0.0014334862385321223
2005-11-08,2005-11-09,0.0
2005-11-09,2005-11-10,0.002698822853861582
2005-11-10,2005-11-14,-0.006471194593975382
2005-11-14,2005-11-15,0.0009798835667760297
2005-11-15,2005-11-16,-0.011516756881262302
2005-11-16,2005-11-17,0.0013981125480602152
2005-11-17,2005-11-18,-0.002501454333915132
2005-11-18,2005-11-21,0.001049746311308164
2005-11-21,2005-11-22,-0.0015729682493444974
2005-11-22,2005-11-23,0.0044345898004434225
2005-11-23,2005-11-25,-0.003427442779133316
2005-11-25,2005-11-28,0.0038472748469833284
2005-11-28,2005-11-29,-0.0010452354683235798
2005-11-29,2005-11-30,0.006859268732197998
2005-11-30,2005-12-01,-0.0017897350037525683
2005-12-01,2005-12-02,0.0008097165991902688
2005-12-02,2005-12-05,0.005374479889042938
2005-12-05,2005-12-06,0.00028740587457609656
2005-12-06,2005-12-07,-0.0029881622801976038
2005-12-07,2005-12-08,0.009452449567723287
2005-12-08,2005-12-09,0.002283887175973609
2005-12-09,2005-12-12,0.010595875583912395
2005-12-12,2005-12-13,-0.0037204058624576986
2005-12-13,2005-12-14,0.003677718682810971
2005-12-14,2005-12-15,-0.005129939680929119
2005-12-15,2005-12-16,0.003853127833182368
2005-12-16,2005-12-19,-0.0042334612779408864
2005-12-19,2005-12-20,-0.005498554503712949
2005-12-20,2005-12-21,-0.00809393524851798
2005-12-21,2005-12-22,-0.0004022526146419958
2005-12-22,2005-12-23,-0.003966657085369474
2005-12-23,2005-12-27,-0.0010389010735311066
2005-12-27,2005-12-28,-0.004737693552114619
2005-12-28,2005-12-29,0.002031812376640074
2005-12-29,2005-12-30,-0.004229187184983441
2005-12-30,2006-01-03,0.012566907144519357
2006-01-03,2006-01-04,0.01057228223396911
2006-01-04,2006-01-05,-0.0012508528542187758
2006-01-05,2006-01-06,0.007457588523283709
2006-01-06,2006-01-09,-0.0029383511329604817
2006-01-09,2006-01-10,0.0
2006-01-10,2006-01-11,-0.00011334655709827057
2006-01-11,2006-01-12,-0.001757070792948956
2006-01-12,2006-01-13,0.005848285260049879
2006-01-13,2006-01-17,-0.0049110922946655755
2006-01-17,2006-01-18,-0.0003403675970047315
2006-01-18,2006-01-19,-0.00022698899103390513
2006-01-19,2006-01-20,0.0025542059257577243
2006-01-20,2006-01-23,0.010134178791824766
2006-01-23,2006-01-24,0.0024100437170719857
2006-01-24,2006-01-25,-0.0006150405367625345
2006-01-25,2006-01-26,-0.0024616761776883322
2006-01-26,2006-01-27,-0.005440269209197934
2006-01-27,2006-01-30,-0.002537641684994152
2006-01-30,2006-01-31,0.007462686567164312
2006-01-31,2006-02-01,-0.002188552188552184
2006-02-01,2006-02-02,0.0014622349699116022
2006-02-02,2006-02-03,-0.01016454203403161
2006-02-03,2006-02-06,-0.009304436627709078
2006-02-06,2006-02-07,-0.0010308097583323628
2006-02-07,2006-02-08,-0.0022357257509745265
2006-02-08,2006-02-09,0.00034472852628564254
2006-02-09,2006-02-10,0.002469703061283024
2006-02-10,2006-02-13,-0.0009166953133952216
2006-02-13,2006-02-14,-0.005447872462438386
2006-02-14,2006-02-15,0.003344288762036518
2006-02-15,2006-02-16,-0.002700994195735884
2006-02-16,2006-02-17,0.002823556528754212
2006-02-17,2006-02-21,0.002528299718439264
2006-02-21,2006-02-22,-0.0012609617699317344
2006-02-22,2006-02-23,0.005566714490674363
2006-02-23,2006-02-24,-0.004223262184682164
2006-02-24,2006-02-27,-0.0022352132049519025
2006-02-27,2006-02-28,0.007467401918547889
2006-02-28,2006-03-01,-0.0037630423627343923
2006-03-01,2006-03-02,0.0011446231328335887
2006-03-02,2006-03-03,0.0021722974904248016
2006-03-03,2006-03-06,-0.002224630654269588
2006-03-06,2006-03-07,-0.007431968900068697
2006-03-07,2006-03-08,-0.0001727911530929882
2006-03-08,2006-03-09,0.00040324903508270893
2006-03-09,2006-03-10,-0.006334216284694216
2006-03-10,2006-03-13,0.0031293463143255984
2006-03-13,2006-03-14,0.009763142692085447
2006-03-14,2006-03-15,-0.001087018708164078
2006-03-15,2006-03-16,0.005269186712485663
2006-03-16,2006-03-17,0.0008546034639926869
2006-03-17,2006-03-20,-0.00022769966414293297
2006-03-20,2006-03-21,-0.005921539600296066
2006-03-21,2006-03-22,0.0013746491780743941
2006-03-22,2006-03-23,-0.006635016873534294
2006-03-23,2006-03-24,0.0034548281223010235
2006-03-24,2006-03-27,0.0024674355884548582
2006-03-27,2006-03-28,0.0015455065827132408
2006-03-28,2006-03-29,-0.008058524318454552
2006-03-29,2006-03-30,0.005300760543904159
2006-03-30,2006-03-31,-0.003152223750573002
2006-03-31,2006-04-03,-0.0002299775771863466
2006-04-03,2006-04-04,0.009776295359135156
2006-04-04,2006-04-05,-0.0035309527877441793
2006-04-05,2006-04-06,0.0004000685831857531
2006-04-06,2006-04-07,-0.005541590493601478
2006-04-07,2006-04-10,-0.0001148963060837449
2006-04-10,2006-04-11,0.003562194771617344
2006-04-11,2006-04-12,0.002347283448789206
2006-04-12,2006-04-13,0.0011994516792324106
2006-04-13,2006-04-14,-0.0010839180786126335
2006-04-14,2006-04-17,0.011764705882353121
2006-04-17,2006-04-18,0.0025965229171369675
2006-04-18,2006-04-19,0.0074878955072628095
2006-04-19,2006-04-20,-0.005252863928471685
2006-04-20,2006-04-21,0.000898825908656864
2006-04-21,2006-04-24,0.00123477577594433
2006-04-24,2006-04-25,0.0020741072930097193
2006-04-25,2006-04-26,0.0011747594540165718
2006-04-26,2006-04-27,0.00636978264513588
2006-04-27,2006-04-28,0.011604019765698803
2006-04-28,2006-05-01,0.003622392974752975
2006-05-01,2006-05-02,0.006070217652849097
2006-05-02,2006-05-03,0.0026634777409360044
2006-05-03,2006-05-04,0.002114279518594886
2006-05-04,2006-05-05,0.005572085474709221
2006-05-05,2006-05-08,-0.00021519259737468044
2006-05-08,2006-05-09,0.00258286698235044
2006-05-09,2006-05-10,0.0008587376556461468
2006-05-10,2006-05-11,0.01040326040326045
2006-05-11,2006-05-12,0.0036620316314615042
2006-05-12,2006-05-15,-0.003965945745862176
2006-05-15,2006-05-16,-0.0009025270758122872
2006-05-16,2006-05-17,5.3137786279799926e-05
2006-05-17,2006-05-18,0.003081827842720486
2006-05-18,2006-05-19,-0.006515520711939837
2006-05-19,2006-05-22,0.005651826179685404
2006-05-22,2006-05-23,-0.002757011823339206
2006-05-23,2006-05-24,-0.0069647509171142374
2006-05-24,2006-05-25,0.002195095834671701
2006-05-25,2006-05-26,-0.008173513542390043
2006-05-26,2006-05-30,0.013950231606161712
2006-05-30,2006-05-31,-0.00494023904382479
2006-05-31,2006-06-01,-0.002455690796497989
2006-06-01,2006-06-02,0.0070105961682542794
2006-06-02,2006-06-05,-0.0016474464579900872
2006-06-05,2006-06-06,-0.009475141062493364
2006-06-06,2006-06-07,-0.0012360275150472555
2006-06-07,2006-06-08,-0.008609093354856046
2006-06-08,2006-06-09,5.4274084124728006e-05
2006-06-09,2006-06-12,0.0007597959405187815
2006-06-12,2006-06-13,-0.0022776572668112838
2006-06-13,2006-06-14,0.005054897271442371
2006-06-14,2006-06-15,-0.0007571250878806168
2006-06-15,2006-06-16,0.0003788493803107418
2006-06-16,2006-06-19,-0.004490370049772707
2006-06-19,2006-06-20,-0.0001086897451225699
2006-06-20,2006-06-21,0.0033153975759552257
2006-06-21,2006-06-22,-0.00834236186348869
2006-06-22,2006-06-23,-0.005571943625040987
2006-06-23,2006-06-26,-0.0007690617446715065
2006-06-26,2006-06-27,0.0025838372732271964
2006-06-27,2006-06-28,-0.004277019246586633
2006-06-28,2006-06-29,-0.002808524698496684
2006-06-29,2006-06-30,0.02115087254252268
2006-06-30,2006-07-03,-0.004380509437023394
2006-07-03,2006-07-05,-0.0036936447582834875
2006-07-05,2006-07-06,0.0018536691745718592
2006-07-06,2006-07-07,0.007455376578145323
2006-07-07,2006-07-10,-0.005023497002106581
2006-07-10,2006-07-11,0.0005971769815418249
2006-07-11,2006-07-12,-0.004557538928978366
2006-07-12,2006-07-13,0.003106774949583002
2006-07-13,2006-07-14,-0.0021734405564007853
2006-07-14,2006-07-17,-0.00876715312568066
2006-07-17,2006-07-18,0.0037356479701147194
2006-07-18,2006-07-19,0.005801543429478473
2006-07-19,2006-07-20,0.006421069815530256
2006-07-20,2006-07-21,0.004920248715869269
2006-07-21,2006-07-24,-0.005057570214139662
2006-07-24,2006-07-25,-0.004596582305862018
2006-07-25,2006-07-26,0.003639919595805896
2006-07-26,2006-07-27,0.008281909710945223
2006-07-27,2006-07-28,0.0009663391850540659
2006-07-28,2006-07-31,0.0021453472780905702
2006-07-31,2006-08-01,0.0013914905004013267
2006-08-01,2006-08-02,0.0037411148522259463
2006-08-02,2006-08-03,0.003514189872743767
2006-08-03,2006-08-04,0.013317769406271607
2006-08-04,2006-08-07,0.00020944601528949391
2006-08-07,2006-08-08,-0.0013087634802637638
2006-08-08,2006-08-09,0.0006290297216544616
2006-08-09,2006-08-10,-0.010529624391010572
2006-08-10,2006-08-11,0.0033883947479880216
2006-08-11,2006-08-14,-0.002638243984803612
2006-08-14,2006-08-15,0.00243360490953326
2006-08-15,2006-08-16,0.002691576947434937
2006-08-16,2006-08-17,-0.0031054266014001186
2006-08-17,2006-08-18,-0.006969376979936603
2006-08-18,2006-08-21,0.008507018290089263
2006-08-21,2006-08-22,-0.004586672290172955
2006-08-22,2006-08-23,0.002542238228907534
2006-08-23,2006-08-24,-0.0023773046648000173
2006-08-24,2006-08-25,0.0
2006-08-25,2006-08-28,0.0044482101249734285
2006-08-28,2006-08-29,-0.002846900042176359
2006-08-29,2006-08-30,0.0067674738289098535
2006-08-30,2006-08-31,-0.0009452788572628101
2006-08-31,2006-09-01,0.0013666947014296937
2006-09-01,2006-09-05,-0.006509186351706053
2006-09-05,2006-09-06,-0.006129134523935376
2006-09-06,2006-09-07,-0.0024986709197235557
2006-09-07,2006-09-08,-0.005756009166977605
2006-09-08,2006-09-11,-0.0013401232913428096
2006-09-11,2006-09-12,0.006280193236714915
2006-09-12,2006-09-13,0.0010668373606443904
2006-09-13,2006-09-14,0.006340917568071536
2006-09-14,2006-09-15,-0.005453775283278617
2006-09-15,2006-09-18,-0.0005323963158175848
2006-09-18,2006-09-19,0.0029297395195226894
2006-09-19,2006-09-20,0.0035054174633524227
2006-09-20,2006-09-21,0.004022440986556575
2006-09-21,2006-09-22,0.0022140221402213722
2006-09-22,2006-09-25,-0.0005785819482432286
2006-09-25,2006-09-26,-0.0024735540234723796
2006-09-26,2006-09-27,-0.0046428194576342285
2006-09-27,2006-09-28,-0.0063606487861761485
2006-09-28,2006-09-29,-0.0016003414061667165
2006-09-29,2006-10-02,0.007747381919213536
2006-10-02,2006-10-03,0.0006362334976934836
2006-10-03,2006-10-04,-0.0018015153923595095
2006-10-04,2006-10-05,-0.0035564520409787637
2006-10-05,2006-10-06,-0.0031962497336458506
2006-10-06,2006-10-10,-0.00876442924326637
2006-10-10,2006-10-11,0.0010782833728704144
2006-10-11,2006-10-12,-0.0005385609651012979
2006-10-12,2006-10-13,-0.00037719581851491935
2006-10-13,2006-10-16,0.002964799741253854
2006-10-16,2006-10-17,0.006879501236160435
2006-10-17,2006-10-18,-0.003149354115511871
2006-10-18,2006-10-19,0.004551539491298495
2006-10-19,2006-10-20,0.0036247334754797578
2006-10-20,2006-10-23,-0.006267261525387702
2006-10-23,2006-10-24,0.0018706574024585088
2006-10-24,2006-10-25,0.0014403841024273056
2006-10-25,2006-10-26,0.005540166204986097
2006-10-26,2006-10-27,0.004873913964823062
2006-10-27,2006-10-30,0.003005061155630484
2006-10-30,2006-10-31,0.003101182654402068
2006-10-31,2006-11-01,0.0003667994131208996
2006-11-01,2006-11-02,-0.000157142108847097
2006-11-02,2006-11-03,-0.004033948030176093
2006-11-03,2006-11-06,-0.0023144495292198863
2006-11-06,2006-11-07,0.006906732746348787
2006-11-07,2006-11-08,-0.0021468216567179788
2006-11-08,2006-11-09,0.0005247415647793297
2006-11-09,2006-11-10,0.0027796716840613467
2006-11-10,2006-11-13,-0.005020920502091908
2006-11-13,2006-11-14,-0.004100084104289303
2006-11-14,2006-11-15,-0.0033252401562334777
2006-11-15,2006-11-16,0.0010061960493565891
2006-11-16,2006-11-17,0.0017987514548725159
2006-11-17,2006-11-20,0.001425855513307983
2006-11-20,2006-11-21,0.001107419712070845
2006-11-21,2006-11-22,0.008480825958702143
2006-11-22,2006-11-24,0.008879603029511518
2006-11-24,2006-11-27,0.0027439813616361164
2006-11-27,2006-11-28,0.0057827344072696185
2006-11-28,2006-11-29,0.0006160164271047375
2006-11-29,2006-11-30,0.010311922840139598
2006-11-30,2006-12-01,0.0051287259432286625
2006-12-01,2006-12-04,-0.00030312215822980715
2006-12-04,2006-12-05,-0.002122498483929647
2006-12-05,2006-12-06,-0.0027347310847766204
2006-12-06,2006-12-07,-0.0032500507820434343
2006-12-07,2006-12-08,-0.0032606480538007743
2006-12-08,2006-12-11,-0.0006133714986709116
2006-12-11,2006-12-12,0.00526800327332233
2006-12-12,2006-12-13,0.00040702111422019627
2006-12-13,2006-12-14,-0.0008645679702995457
2006-12-14,2006-12-15,-0.005497302249821812
2006-12-15,2006-12-18,-0.004094584911454646
2006-12-18,2006-12-19,0.010689690615685032
2006-12-19,2006-12-20,-0.0009152852639071618
2006-12-20,2006-12-21,-0.0013232899022802558
2006-12-21,2006-12-22,-0.0026500866374477017
2006-12-22,2006-12-26,-0.00010219724067450642
2006-12-26,2006-12-27,-0.00010220768601809649
2006-12-27,2006-12-28,0.0028109986711641888
2006-12-28,2006-12-29,-0.0017838030681412986
2006-12-29,2007-01-02,0.007658531604207042
2007-01-02,2007-01-03,-0.012059181191730883
2007-01-03,2007-01-04,-0.0028208021335521805
2007-01-04,2007-01-05,-0.007097670112636845
2007-01-05,2007-01-08,0.004144004144003954
2007-01-08,2007-01-09,0.0007737941707506302
2007-01-09,2007-01-10,-0.0034020618556700466
2007-01-10,2007-01-11,0.005430847212165135
2007-01-11,2007-01-12,0.007099130613714699
2007-01-12,2007-01-16,0.0014302497829083993
2007-01-16,2007-01-17,0.005865850548329554
2007-01-17,2007-01-18,-0.00025354969574031827
2007-01-18,2007-01-19,0.002231803195536397
2007-01-19,2007-01-22,0.0006579280327951853
2007-01-22,2007-01-23,0.003793242969856392
2007-01-23,2007-01-24,-0.008666297173376303
2007-01-24,2007-01-25,0.0014231257941550446
2007-01-25,2007-01-26,-0.005329137694767283
2007-01-26,2007-01-29,-0.0003061536891518779
2007-01-29,2007-01-30,0.0012760310330746094
2007-01-30,2007-01-31,-0.0003058571647041042
2007-01-31,2007-02-01,0.003824384274131676
2007-02-01,2007-02-02,-0.0012191405059432947
2007-02-02,2007-02-05,-0.0031532906113315162
2007-02-05,2007-02-06,0.004744897959183758
2007-02-06,2007-02-07,0.0003046767887067148
2007-02-07,2007-02-08,-0.005736331793492089
2007-02-08,2007-02-09,-0.0037782089247421213
2007-02-09,2007-02-12,-0.001947519475194781
2007-02-12,2007-02-13,-0.001591866077847448
2007-02-13,2007-02-14,0.009514992542303258
2007-02-14,2007-02-15,-0.004890972080701106
2007-02-15,2007-02-16,-0.0016895351218513266
2007-02-16,2007-02-20,0.0024616647007540404
2007-02-20,2007-02-21,-0.001176651148513952
2007-02-21,2007-02-22,0.0024072935873797885
2007-02-22,2007-02-23,0.0034745286393131902
2007-02-23,2007-02-26,-0.00040735271653336014
2007-02-26,2007-02-27,0.0015281952014669642
2007-02-27,2007-02-28,-0.0024413814149839563
2007-02-28,2007-03-01,-0.0017335440779076006
2007-03-01,2007-03-02,-0.00618009091373406
2007-03-02,2007-03-05,-0.011460581765854627
2007-03-05,2007-03-06,0.0018195996880685517
2007-03-06,2007-03-07,0.002335236118318651
2007-03-07,2007-03-08,-0.0007765984985762531
2007-03-08,2007-03-09,0.0009326424870466088
2007-03-09,2007-03-12,-0.001397660213272589
2007-03-12,2007-03-13,0.00160696697942031
2007-03-13,2007-03-14,0.0007763171514336697
2007-03-14,2007-03-15,0.0014480012411439702
2007-03-15,2007-03-16,0.0029950942421894666
2007-03-16,2007-03-19,0.0019049580394379095
2007-03-19,2007-03-20,0.006166495375128367
2007-03-20,2007-03-21,0.0008171603677222805
2007-03-21,2007-03-22,0.003878342518881528
2007-03-22,2007-03-23,-0.0020333468889792705
2007-03-23,2007-03-26,0.0031581092094539187
2007-03-26,2007-03-27,-0.001523306590839879
2007-03-27,2007-03-28,-0.0026952807160292025
2007-03-28,2007-03-29,0.0008158686451480435
2007-03-29,2007-03-30,0.0029551128547409267
2007-03-30,2007-04-02,0.005130810261620544
2007-04-02,2007-04-03,-0.00025270393207310615
2007-04-03,2007-04-04,-0.0012638390374601904
2007-04-04,2007-04-05,-0.0024296416278598576
2007-04-05,2007-04-06,-0.002689263243352946
2007-04-06,2007-04-09,-0.0023912490460442637
2007-04-09,2007-04-10,0.005609955120359
2007-04-10,2007-04-11,0.0034486256212598043
2007-04-11,2007-04-12,-0.0008591933690487163
2007-04-12,2007-04-13,0.003035054883909094
2007-04-13,2007-04-16,0.003933632558374089
2007-04-16,2007-04-17,0.007735972271060376
2007-04-17,2007-04-18,-0.0009969592742135047
2007-04-18,2007-04-19,-0.0005987725163416613
2007-04-19,2007-04-20,0.0008986968895103864
2007-04-20,2007-04-23,-0.0014964832643288295
2007-04-23,2007-04-24,0.0005495328970375191
2007-04-24,2007-04-25,0.0006990213700817094
2007-04-25,2007-04-26,-0.006935435585270988
2007-04-26,2007-04-27,0.004119981912274584
2007-04-27,2007-04-30,0.0007505629221917776
2007-04-30,2007-05-01,-0.00034999999999996145
2007-05-01,2007-05-02,-0.004151453008553019
2007-05-02,2007-05-03,-0.0016072325464591142
2007-05-03,2007-05-04,0.0026662642116912494
2007-05-04,2007-05-07,0.0006522502634087601
2007-05-07,2007-05-08,-0.002105896510228633
2007-05-08,2007-05-09,0.0030650185910963135
2007-05-09,2007-05-10,-0.006512047287481781
2007-05-10,2007-05-11,-0.0004537891393133764
2007-05-11,2007-05-14,-0.0010593220338982468
2007-05-14,2007-05-15,0.0029793465636520633
2007-05-15,2007-05-16,-0.004430570939482403
2007-05-16,2007-05-17,-0.0013148578942044908
2007-05-17,2007-05-18,0.0003544662750658567
2007-05-18,2007-05-21,-0.0030372057706909983
2007-05-21,2007-05-22,0.003706524498603647
2007-05-22,2007-05-23,0.005615135572642815
2007-05-23,2007-05-24,-0.0013582172141455295
2007-05-24,2007-05-25,-0.00035260930888580955
2007-05-25,2007-05-29,-0.0015621063240109923
2007-05-29,2007-05-30,-0.0033814474613910184
2007-05-30,2007-05-31,0.002532030181799927
2007-05-31,2007-06-01,0.00035358892761516714
2007-06-01,2007-06-04,0.005958392243991195
2007-06-04,2007-06-05,0.0009537195060735915
2007-06-05,2007-06-06,-0.001303846346722759
2007-06-06,2007-06-07,-0.005874968616620624
2007-06-07,2007-06-08,-0.007121931508233148
2007-06-08,2007-06-11,0.0014753014193416014
2007-06-11,2007-06-12,0.0032510413491821932
2007-06-12,2007-06-13,-0.0011139240506329307
2007-06-13,2007-06-14,-0.0016220600162206722
2007-06-14,2007-06-15,0.003503249390739205
2007-06-15,2007-06-18,0.0028838856564634696
2007-06-18,2007-06-19,0.0031278377560286508
2007-06-19,2007-06-20,0.0026654596660631302
2007-06-20,2007-06-21,-0.0006520539700055616
2007-06-21,2007-06-22,0.0025597269624573205
2007-06-22,2007-06-25,-0.0006508135168961093
2007-06-25,2007-06-26,0.0017533313295261532
2007-06-26,2007-06-27,-0.0016002400360054514
2007-06-27,2007-06-28,0.002854996243426111
2007-06-28,2007-06-29,0.0020477474777742533
2007-06-29,2007-07-02,0.00488461346757707
2007-07-02,2007-07-03,0.0003472049997521598
2007-07-03,2007-07-05,-0.0026775089250297146
2007-07-05,2007-07-06,0.0002485830764640262
2007-07-06,2007-07-09,0.0023361002037876055
2007-07-09,2007-07-10,0.004066250123970994
2007-07-10,2007-07-11,0.0035559067562229707
2007-07-11,2007-07-12,-0.0015748031496063408
2007-07-12,2007-07-13,0.0027602523659306932
2007-07-13,2007-07-16,0.001474636256389994
2007-07-16,2007-07-17,0.0039756552468834805
2007-07-17,2007-07-18,0.0038621363969688627
2007-07-18,2007-07-19,-0.002142787571832061
2007-07-19,2007-07-20,0.003709126403123486
2007-07-20,2007-07-23,0.0009238549061558743
2007-07-23,2007-07-24,0.0019917415593879717
2007-07-24,2007-07-25,-0.005575487249103173
2007-07-25,2007-07-26,-0.001121349519769832
2007-07-26,2007-07-27,-0.009664193674346011
2007-07-27,2007-07-30,-0.0025628388368653665
2007-07-30,2007-07-31,0.006225911651349003
2007-07-31,2007-08-01,-0.0027008446277745346
2007-08-01,2007-08-02,0.0018218523807180809
2007-08-02,2007-08-03,0.003931976801336834
2007-08-03,2007-08-06,-0.006511309115832753
2007-08-06,2007-08-07,-0.004484304932735439
2007-08-07,2007-08-08,0.008217008217008104
2007-08-08,2007-08-09,-0.0047623723487824066
2007-08-09,2007-08-10,-0.002565240984657824
2007-08-10,2007-08-13,-0.004748009298184752
2007-08-13,2007-08-14,-0.006112408686577697
2007-08-14,2007-08-15,-0.00385000000000002
2007-08-15,2007-08-16,-0.004718164934999658
2007-08-16,2007-08-17,-5.0431186645938375e-05
2007-08-17,2007-08-20,0.00010086746015747217
2007-08-20,2007-08-21,-0.0008572869389813498
2007-08-21,2007-08-22,0.005198606975218345
2007-08-22,2007-08-23,0.005975095400682751
2007-08-23,2007-08-24,0.0031944097828799922
2007-08-24,2007-08-27,0.0017413801681673835
2007-08-27,2007-08-28,-0.0034270388397734663
2007-08-28,2007-08-29,0.005831049090456064
2007-08-29,2007-08-30,-0.0010900802695472667
2007-08-30,2007-08-31,0.00024801587301603867
2007-08-31,2007-09-03,0.0
2007-09-03,2007-09-04,-0.002777089015621237
2007-09-04,2007-09-05,0.005569645432393466
2007-09-05,2007-09-06,0.001038524306414157
2007-09-06,2007-09-07,0.002025491552218206
2007-09-07,2007-09-10,0.000246511857220133
2007-09-10,2007-09-11,0.0015279968454258164
2007-09-11,2007-09-12,-0.0002460751021210461
2007-09-12,2007-09-13,-0.0017721768238653235
2007-09-13,2007-09-14,-0.010405365420652957
2007-09-14,2007-09-17,-0.00732545970997156
2007-09-17,2007-09-18,0.002660642570281091
2007-09-18,2007-09-19,0.0005006759124817073
2007-09-19,2007-09-20,0.007456337887204123
2007-09-20,2007-09-21,0.003775084442678267
2007-09-21,2007-09-24,0.0006927949327000249
2007-09-24,2007-09-25,-0.002620907922065152
2007-09-25,2007-09-26,-0.0004958104021024479
2007-09-26,2007-09-27,0.0037700282752120007
2007-09-27,2007-09-28,0.007610575735112368
2007-09-28,2007-10-01,0.0023051645495120177
2007-10-01,2007-10-02,-0.0009297318457623938
2007-10-02,2007-10-03,-0.0023509820247832325
2007-10-03,2007-10-04,0.001129166871225884
2007-10-04,2007-10-05,0.002157708905453193
2007-10-05,2007-10-08,0.0
2007-10-08,2007-10-09,-0.005137991779213147
2007-10-09,2007-10-10,0.0049677831882346535
2007-10-10,2007-10-11,-0.004404855129209295
2007-10-11,2007-10-12,-9.831874938548424e-05
2007-10-12,2007-10-15,0.003883972468043284
2007-10-15,2007-10-16,-0.004505607522405586
2007-10-16,2007-10-17,0.0029517390662663345
2007-10-17,2007-10-18,0.0034335606023447873
2007-10-18,2007-10-19,0.0013198416190056683
2007-10-19,2007-10-22,-0.010007810974419162
2007-10-22,2007-10-23,0.010651412791558013
2007-10-23,2007-10-24,-0.0001951695535495901
2007-10-24,2007-10-25,-0.00029281147820992004
2007-10-25,2007-10-26,0.0014156700024408053
2007-10-26,2007-10-29,0.004630983718436177
2007-10-29,2007-10-30,0.0030083943907999178
2007-10-30,2007-10-31,0.005127957041265674
2007-10-31,2007-11-01,0.0019733359002742645
2007-11-01,2007-11-02,9.607070804107387e-05
2007-11-02,2007-11-05,-0.0010086455331411726
2007-11-05,2007-11-06,0.0028847540747152234
2007-11-06,2007-11-07,0.008917014238458032
2007-11-07,2007-11-08,0.0028035162746495867
2007-11-08,2007-11-09,-0.009145185746777806
2007-11-09,2007-11-13,-0.008703553153842414
2007-11-13,2007-11-14,-0.0068985479280235795
2007-11-14,2007-11-15,-0.00500340036918312
2007-11-15,2007-11-16,-0.00014646292047049148
2007-11-16,2007-11-19,-9.76562500000222e-05
2007-11-19,2007-11-20,0.00849692352768816
2007-11-20,2007-11-21,-0.003244237846213416
2007-11-21,2007-11-22,0.0
2007-11-22,2007-11-23,-0.0010201603109060153
2007-11-23,2007-11-26,0.0056895545613693255
2007-11-26,2007-11-27,-0.001353899714713891
2007-11-27,2007-11-28,0.00169466905534299
2007-11-28,2007-11-29,-0.002223511214230478
2007-11-29,2007-11-30,-0.0036333688596065228
2007-11-30,2007-12-03,0.00442456362133492
2007-12-03,2007-12-04,-0.0039209991286667245
2007-12-04,2007-12-05,-0.014044807309131602
2007-12-05,2007-12-06,4.92902208202306e-05
2007-12-06,2007-12-07,0.0
2007-12-07,2007-12-10,0.008280348957563133
2007-12-10,2007-12-11,-0.003421811604829683
2007-12-11,2007-12-12,0.005248442635012562
2007-12-12,2007-12-13,-0.004830682150873455
2007-12-13,2007-12-14,-0.009708261828879627
2007-12-14,2007-12-17,-0.0014358568104173575
2007-12-17,2007-12-18,-0.0013883379611265845
2007-12-18,2007-12-19,-0.010377358490565869
2007-12-19,2007-12-20,-0.005519040690381893
2007-12-20,2007-12-21,0.0006054184955350816
2007-12-21,2007-12-24,-0.0029748399132758507
2007-12-24,2007-12-26,0.002983715990694913
2007-12-26,2007-12-27,0.0037311551454646263
2007-12-27,2007-12-28,0.0011051388958658315
2007-12-28,2007-12-31,-0.004315319383812466
2007-12-31,2008-01-02,-0.0009575165045607736
2008-01-02,2008-01-03,-0.004590395480225884
2008-01-03,2008-01-04,0.0012162367607559954
2008-01-04,2008-01-07,-0.0027332084830693493
2008-01-07,2008-01-08,0.0014211033852713495
2008-01-08,2008-01-09,-0.008463838629567788
2008-01-09,2008-01-10,5.111429155602032e-05
2008-01-10,2008-01-11,0.0013800153335037368
2008-01-11,2008-01-14,-0.00045937117190697485
2008-01-14,2008-01-15,0.004493693509676877
2008-01-15,2008-01-16,-0.0016775964617965489
2008-01-16,2008-01-17,0.005397698339953072
2008-01-17,2008-01-18,-0.010889384116693601
2008-01-18,2008-01-22,0.002457883148138551
2008-01-22,2008-01-23,-0.0031669816621545666
2008-01-23,2008-01-24,0.011170894183961
2008-01-24,2008-01-25,0.003496680687173681
2008-01-25,2008-01-28,0.002777497222502756
2008-01-28,2008-01-29,0.0
2008-01-29,2008-01-30,0.0011582817142570256
2008-01-30,2008-01-31,0.0007545271629778583
2008-01-31,2008-02-01,-0.010454888162855114
2008-02-01,2008-02-04,0.004571544674150552
2008-02-04,2008-02-05,-0.007635131718663146
2008-02-05,2008-02-06,-0.0011209619891979772
2008-02-06,2008-02-07,-0.009385839624566406
2008-02-07,2008-02-08,0.0027291452111226633
2008-02-08,2008-02-11,0.0006675910234683613
2008-02-11,2008-02-12,0.0069793698039617436
2008-02-12,2008-02-13,-0.0002038528182651822
2008-02-13,2008-02-14,0.004587623610969649
2008-02-14,2008-02-15,-0.004820377511670415
2008-02-15,2008-02-19,-0.00520063223372258
2008-02-19,2008-02-20,-0.005432832761006701
2008-02-20,2008-02-21,0.010770419994846847
2008-02-21,2008-02-22,0.002753135515448202
2008-02-22,2008-02-25,0.0
2008-02-25,2008-02-26,0.00401667683546858
2008-02-26,2008-02-27,0.00891274623993521
2008-02-27,2008-02-28,-0.0022085027355317477
2008-02-28,2008-02-29,-0.0007545651189697633
2008-02-29,2008-03-03,-0.0007047925896093155
2008-03-03,2008-03-04,0.00020151133501267182
2008-03-04,2008-03-05,0.004281253147980335
2008-03-05,2008-03-06,0.006720497517427981
2008-03-06,2008-03-07,0.0027399990036367505
2008-03-07,2008-03-10,0.001887917329093769
2008-03-10,2008-03-11,-0.006198552018248371
2008-03-11,2008-03-12,0.00848261064817124
2008-03-12,2008-03-13,0.004947800702587601
2008-03-13,2008-03-14,-0.0008369848850376949
2008-03-14,2008-03-17,-0.014092835320784425
2008-03-17,2008-03-18,0.010395841663334737
2008-03-18,2008-03-19,-0.017708745548080662
2008-03-19,2008-03-20,-0.001762513848323155
2008-03-20,2008-03-21,0.0001513393532763807
2008-03-21,2008-03-24,0.0013114092605670535
2008-03-24,2008-03-25,0.007304049969776294
2008-03-25,2008-03-26,0.001100165024753741
2008-03-26,2008-03-27,0.003896298516409491
2008-03-27,2008-03-28,-0.01030004478280333
2008-03-28,2008-03-31,-0.0017596782302664593
2008-03-31,2008-04-01,-0.0040795769327625075
2008-04-01,2008-04-02,0.002680287245878432
2008-04-02,2008-04-03,0.006758460684924694
2008-04-03,2008-04-04,-0.0007013676669506141
2008-04-04,2008-04-07,-0.004612222389331677
2008-04-07,2008-04-08,-0.008310249307479256
2008-04-08,2008-04-09,0.0018283392585067837
2008-04-09,2008-04-10,0.0008111122376559532
2008-04-10,2008-04-11,-0.0017728700233006212
2008-04-11,2008-04-14,0.005531029583396796
2008-04-14,2008-04-15,-0.009537747274929398
2008-04-15,2008-04-16,0.006572578590716915
2008-04-16,2008-04-17,0.007693865154889679
2008-04-17,2008-04-18,0.002863170584689545
2008-04-18,2008-04-21,-0.007613323315802556
2008-04-21,2008-04-22,0.009135416140917618
2008-04-22,2008-04-23,-0.01040312093628093
2008-04-23,2008-04-24,-0.0035378550490244853
2008-04-24,2008-04-25,0.005934266585514436
2008-04-25,2008-04-28,0.003781576160943878
2008-04-28,2008-04-29,-0.008087201125175802
2008-04-29,2008-04-30,0.005064060363599632
2008-04-30,2008-05-01,-0.004937773970877135
2008-05-01,2008-05-02,0.0003544483264974474
2008-05-02,2008-05-05,-0.0038975501113586164
2008-05-05,2008-05-06,0.003455460135169508
2008-05-06,2008-05-07,-0.011394135818098894
2008-05-07,2008-05-08,0.0010757094559983305
2008-05-08,2008-05-09,-0.002916645346159652
2008-05-09,2008-05-12,0.006671456430257461
2008-05-12,2008-05-13,-0.007442903752039154
2008-05-13,2008-05-14,-0.0009758602978942044
2008-05-14,2008-05-15,0.0019022158243793275
2008-05-15,2008-05-16,0.004720853858784846
2008-05-16,2008-05-19,-0.005515832482124616
2008-05-19,2008-05-20,0.01196589975349216
2008-05-20,2008-05-21,-0.0018269474752600212
2008-05-21,2008-05-22,0.0058976053688544194
2008-05-22,2008-05-23,0.001667930250189631
2008-05-23,2008-05-27,-0.0033807649611463653
2008-05-27,2008-05-28,0.0027846691306767646
2008-05-28,2008-05-29,-0.00237301827728964
2008-05-29,2008-05-30,0.0017207348550027923
2008-05-30,2008-06-02,-0.006416409841863313
2008-06-02,2008-06-03,-0.0008135869012507735
2008-06-03,2008-06-04,-0.005190839694656502
2008-06-04,2008-06-05,0.0007673419275628923
2008-06-05,2008-06-06,0.006747431375556001
2008-06-06,2008-06-09,0.003198781416603236
2008-06-09,2008-06-10,-0.010881668185038995
2008-06-10,2008-06-11,0.005270429309727209
2008-06-11,2008-06-12,-0.009111269469612049
2008-06-12,2008-06-13,0.0014897005188265755
2008-06-13,2008-06-16,0.007232252769798997
2008-06-16,2008-06-17,-0.004735957631002763
2008-06-17,2008-06-18,0.0013303315595580845
2008-06-18,2008-06-19,0.008124680633622816
2008-06-19,2008-06-20,0.0004054944497946522
2008-06-20,2008-06-23,-0.006485281451081737
2008-06-23,2008-06-24,0.004997705135396879
2008-06-24,2008-06-25,-0.001776018673567692
2008-06-25,2008-06-26,0.010217568117120823
2008-06-26,2008-06-27,0.0032707693855984488
2008-06-27,2008-06-30,-0.0016049754238138814
2008-06-30,2008-07-01,0.0012056666331761168
2008-07-01,2008-07-02,-0.0002508780732565219
2008-07-02,2008-07-03,-0.005018820577164407
2008-07-03,2008-07-07,-0.006456494325346784
2008-07-07,2008-07-08,-0.0006092298319541056
2008-07-08,2008-07-09,0.006451612903225934
2008-07-09,2008-07-10,-0.0017666060973148268
2008-07-10,2008-07-11,0.005966526773524716
2008-07-11,2008-07-14,0.0015079165619502621
2008-07-14,2008-07-15,0.0055708908406524316
2008-07-15,2008-07-16,-0.0020463166300658253
2008-07-16,2008-07-17,0.0021505376344086446
2008-07-17,2008-07-18,-0.0026449745483582143
2008-07-18,2008-07-21,-0.0003002251688766222
2008-07-21,2008-07-22,-0.001901997096951824
2008-07-22,2008-07-23,0.004011834912993395
2008-07-23,2008-07-24,-0.009440087907696904
2008-07-24,2008-07-25,0.0024203307785397588
2008-07-25,2008-07-28,0.0031690140845070935
2008-07-28,2008-07-29,-0.006919721205435492
2008-07-29,2008-07-30,0.0002524614996213259
2008-07-30,2008-07-31,-0.00020191822311976804
2008-07-31,2008-08-01,-0.0031808542865797707
2008-08-01,2008-08-04,-0.00693916831281971
2008-08-04,2008-08-05,-0.003774354789350176
2008-08-05,2008-08-06,-0.0027134958017612787
2008-08-06,2008-08-07,-0.002053493505826842
2008-08-07,2008-08-08,-0.012654971963578343
2008-08-08,2008-08-11,-0.0025530141197310785
2008-08-11,2008-08-12,-0.007260760551608847
2008-08-12,2008-08-13,-0.016995527492765006
2008-08-13,2008-08-14,0.0017664061663633657
2008-08-14,2008-08-15,-0.0034197168047021
2008-08-15,2008-08-18,0.0011795614176184355
2008-08-18,2008-08-19,-0.0009639586568842562
2008-08-19,2008-08-20,-0.0027874564459929863
2008-08-20,2008-08-21,0.00833198946406477
2008-08-21,2008-08-22,-0.011408465721292171
2008-08-22,2008-08-25,0.0023188093183779124
2008-08-25,2008-08-26,-0.010760208748049727
2008-08-26,2008-08-27,-0.0037526513297437836
2008-08-27,2008-08-28,-0.0029479200786112214
2008-08-28,2008-08-29,-0.00405168637757336
2008-08-29,2008-09-02,-0.01852666300164918
2008-09-02,2008-09-03,-0.0032487537108609743
2008-09-03,2008-09-04,-0.0059567294183759945
2008-09-04,2008-09-05,-0.00011306461642823784
2008-09-05,2008-09-08,-0.008141572906654626
2008-09-08,2008-09-09,0.007353360314655388
2008-09-09,2008-09-10,-0.00707333635129026
2008-09-10,2008-09-11,-0.0028494899413004093
2008-09-11,2008-09-12,0.022803909241584375
2008-09-12,2008-09-15,-0.001061689763075524
2008-09-15,2008-09-16,-0.004195334787716054
2008-09-16,2008-09-17,0.005224132119986624
2008-09-17,2008-09-18,0.016261525565800516
2008-09-18,2008-09-19,0.006103596172880366
2008-09-19,2008-09-22,0.010220254686560626
2008-09-22,2008-09-23,0.004003462454014173
2008-09-23,2008-09-24,-0.0030175665481193548
2008-09-24,2008-09-25,-0.005188628256404759
2008-09-25,2008-09-26,-0.0003259806584808844
2008-09-26,2008-09-29,-0.01934782608695651
2008-09-29,2008-09-30,-0.013300820217246767
2008-09-30,2008-10-01,0.0
2008-10-01,2008-10-02,-0.00836890586385075
2008-10-02,2008-10-03,0.004814500141602895
2008-10-03,2008-10-06,-0.020293122886133053
2008-10-06,2008-10-07,0.012197928653624901
2008-10-07,2008-10-08,-0.016030013642564844
2008-10-08,2008-10-09,-0.004910456383593442
2008-10-09,2008-10-10,-0.010914368650217665
2008-10-10,2008-10-14,0.026119621999178166
2008-10-14,2008-10-15,-0.002860084658505846
2008-10-15,2008-10-16,-0.010842129417163893
2008-10-16,2008-10-17,0.0037116511047960987
2008-10-17,2008-10-20,-0.009995955393771183
2008-10-20,2008-10-21,-0.01733395587720321
2008-10-21,2008-10-22,-0.03937756132327619
2008-10-22,2008-10-23,0.00043279337207868807
2008-10-23,2008-10-24,-0.03399048266485394
2008-10-24,2008-10-27,-0.01017209391593632
2008-10-27,2008-10-28,0.007691313340227435
2008-10-28,2008-10-29,0.045346674363414774
2008-10-29,2008-10-30,-0.0017180022088599811
2008-10-30,2008-10-31,-0.006453595574677284
2008-10-31,2008-11-03,-0.01917723476647082
2008-11-03,2008-11-04,0.015137180700094621
2008-11-04,2008-11-05,0.003789996893445169
2008-11-05,2008-11-06,-0.02116860609061655
2008-11-06,2008-11-07,-0.0016441128114328407
2008-11-07,2008-11-10,-0.009437547504433708
2008-11-10,2008-11-12,-0.04009207749856125
2008-11-12,2008-11-13,-0.014188649080735471
2008-11-13,2008-11-14,0.004121900128386979
2008-11-14,2008-11-17,0.01144010767160153
2008-11-17,2008-11-18,0.0007984031936127955
2008-11-18,2008-11-19,0.003523467623986143
2008-11-19,2008-11-20,-0.020271613116926157
2008-11-20,2008-11-21,0.0018256812495773822
2008-11-21,2008-11-24,0.02436555075593949
2008-11-24,2008-11-25,0.011332937998286718
2008-11-25,2008-11-26,-0.008534757964688167
2008-11-26,2008-11-28,0.008542515442239385
2008-11-28,2008-12-01,-0.033098775084701604
2008-12-01,2008-12-02,0.007345013477088935
2008-12-02,2008-12-03,-0.01110442170044812
2008-12-03,2008-12-04,0.0005411621457080962
2008-12-04,2008-12-05,-0.012507605976607494
2008-12-05,2008-12-08,0.015404628234972018
2008-12-08,2008-12-09,-0.0037084485199919692
2008-12-09,2008-12-10,0.003654574986464487
2008-12-10,2008-12-11,0.008293998651382362
2008-12-11,2008-12-12,-0.005283220758376284
2008-12-12,2008-12-15,0.027161489848056997
2008-12-15,2008-12-16,0.0027490509228955684
2008-12-16,2008-12-17,0.008942558746736218
2008-12-17,2008-12-18,-0.02290224493756876
2008-12-18,2008-12-19,-0.01648679070383363
2008-12-19,2008-12-22,-0.0032987747408106394
2008-12-22,2008-12-23,-0.002971968929415758
2008-12-23,2008-12-24,-0.005961655714382452
2008-12-24,2008-12-26,0.0018401144960129567
2008-12-26,2008-12-29,-0.007414965986394462
2008-12-29,2008-12-30,-0.013432938112535209
2008-12-30,2008-12-31,0.01556095866620355
2008-12-31,2009-01-02,-0.006772009029345383
2009-01-02,2009-01-05,0.005647382920110244
2009-01-05,2009-01-06,0.011984659635666306
2009-01-06,2009-01-07,0.03227989443053403
2009-01-07,2009-01-08,-0.004195620820768409
2009-01-08,2009-01-09,0.003225806451613078
2009-01-09,2009-01-12,-0.027035894743749678
2009-01-12,2009-01-13,-0.02016591353611641
2009-01-13,2009-01-14,0.006126101321585864
2009-01-14,2009-01-15,-0.001026202367106821
2009-01-15,2009-01-16,0.009245308861799861
2009-01-16,2009-01-20,-0.04844948089841883
2009-01-20,2009-01-21,-0.02103686800256732
2009-01-21,2009-01-22,0.008158508158508049
2009-01-22,2009-01-23,-0.013150289017341055
2009-01-23,2009-01-26,0.022111582955044673
2009-01-26,2009-01-27,0.013467048710601892
2009-01-27,2009-01-28,0.01194515125812834
2009-01-28,2009-01-29,-0.0038415869246350987
2009-01-29,2009-01-30,0.010587575375122782
2009-01-30,2009-02-02,-0.01283563449663494
2009-02-02,2009-02-03,0.01166713522631424
2009-02-03,2009-02-04,0.005418924551896742
2009-02-04,2009-02-05,0.011124930901050378
2009-02-05,2009-02-06,0.009704093487323151
2009-02-06,2009-02-09,0.010896785109983043
2009-02-09,2009-02-10,-0.022228173540439267
2009-02-10,2009-02-11,-0.016228430566967877
2009-02-11,2009-02-12,-0.008282870467042569
2009-02-12,2009-02-13,0.012212240314430023
2009-02-13,2009-02-17,-0.013729025100540748
2009-02-17,2009-02-18,0.0007733408323957747
2009-02-18,2009-02-19,0.005057955742887366
2009-02-19,2009-02-20,0.0018172922345705
2009-02-20,2009-02-23,0.01534919416730629
2009-02-23,2009-02-24,-0.00996358139215281
2009-02-24,2009-02-25,-0.009925041643531363
2009-02-25,2009-02-26,0.0053978268489307535
2009-02-26,2009-02-27,-0.004601868637567952
2009-02-27,2009-03-02,-0.020103670495937198
2009-03-02,2009-03-03,0.0032168132103795877
2009-03-03,2009-03-04,0.007695596408721528
2009-03-04,2009-03-05,-0.0012728044123885285
2009-03-05,2009-03-06,-0.0009912206173888771
2009-03-06,2009-03-09,-0.025017717930545746
2009-03-09,2009-03-10,0.006033292142182178
2009-03-10,2009-03-11,-0.00433526011560692
2009-03-11,2009-03-12,0.002249637155297579
2009-03-12,2009-03-13,0.011657374556512945
2009-03-13,2009-03-16,0.008517034068136198
2009-03-16,2009-03-17,-0.005180611737988894
2009-03-17,2009-03-18,-0.003138821515194734
2009-03-18,2009-03-19,0.0436524974953485
2009-03-19,2009-03-20,-0.01021667580910579
2009-03-20,2009-03-23,0.004225839972289647
2009-03-23,2009-03-24,0.01614238410596025
2009-03-24,2009-03-25,-0.00984385607603544
2009-03-25,2009-03-26,-0.006033596160438748
2009-03-26,2009-03-27,-0.011864523694557372
2009-03-27,2009-03-30,-0.012356020942408397
2009-03-30,2009-03-31,0.010743567995476377
2009-03-31,2009-04-01,0.007132867132867204
2009-04-01,2009-04-02,0.020691570615192445
2009-04-02,2009-04-03,0.006870748299319773
2009-04-03,2009-04-06,-0.006013107222484937
2009-04-06,2009-04-07,0.002175095160413143
2009-04-07,2009-04-08,-0.0035268583830709854
2009-04-08,2009-04-09,-0.004696433433160951
2009-04-09,2009-04-10,0.0008206250427409412
2009-04-10,2009-04-13,0.013392552101127553
2009-04-13,2009-04-14,0.005124401591261485
2009-04-14,2009-04-15,0.0055678540283090605
2009-04-15,2009-04-16,-0.005403602401601204
2009-04-16,2009-04-17,-0.00878663894292031
2009-04-17,2009-04-20,-0.016646366220056774
2009-04-20,2009-04-21,0.01073492981007429
2009-04-21,2009-04-22,-0.013071895424836666
2009-04-22,2009-04-23,0.00958885209713034
2009-04-23,2009-04-24,0.004236419542193337
2009-04-24,2009-04-27,-0.001292780839627139
2009-04-27,2009-04-28,-0.004837171276740659
2009-04-28,2009-04-29,0.013349763811870918
2009-04-29,2009-04-30,-0.00020267531414674966
2009-04-30,2009-05-01,0.005540914926684293
2009-05-01,2009-05-04,0.006988777635911436
2009-05-04,2009-05-05,0.007607607607607703
2009-05-05,2009-05-06,-0.0023842638585337417
2009-05-06,2009-05-07,-0.002921064860917477
2009-05-07,2009-05-08,0.004727345362540714
2009-05-08,2009-05-11,0.0036447978793903157
2009-05-11,2009-05-12,0.0062726972598217134
2009-05-12,2009-05-13,-0.004921259842519676
2009-05-13,2009-05-14,0.001978239366963397
2009-05-14,2009-05-15,0.0017769002961500746
2009-05-15,2009-05-18,0.005715411903823409
2009-05-18,2009-05-19,0.01254164217127185
2009-05-19,2009-05-20,0.010902522417908456
2009-05-20,2009-05-21,0.005934907466496497
2009-05-21,2009-05-22,0.008183721372835073
2009-05-22,2009-05-26,0.002894538132393709
2009-05-26,2009-05-27,0.00815660685154973
2009-05-27,2009-05-28,-0.006970375902414783
2009-05-28,2009-05-29,0.01278515918776657
2009-05-29,2009-06-01,0.017821782178217838
2009-06-01,2009-06-02,0.004073443579766467
2009-06-02,2009-06-03,-0.006660611565243668
2009-06-03,2009-06-04,-0.014142029868942418
2009-06-04,2009-06-05,-0.009645705805972904
2009-06-05,2009-06-08,-0.002559780233501896
2009-06-08,2009-06-09,0.018214822233350025
2009-06-09,2009-06-10,0.004118768058031463
2009-06-10,2009-06-11,0.0130402840700381
2009-06-11,2009-06-12,-0.0014504139723212628
2009-06-12,2009-06-15,-0.015433032742238173
2009-06-15,2009-06-16,0.010941726088025572
2009-06-16,2009-06-17,-0.009303174024078875
2009-06-17,2009-06-18,0.004664579880930386
2009-06-18,2009-06-19,0.010263302584152978
2009-06-19,2009-06-22,-0.011731269274959044
2009-06-22,2009-06-23,6.118827632617396e-05
2009-06-23,2009-06-24,0.008688203622124302
2009-06-24,2009-06-25,-0.009098629139876357
2009-06-25,2009-06-26,0.009916748285994093
2009-06-26,2009-06-29,0.002121469269002363
2009-06-29,2009-06-30,-0.004899292324441973
2009-06-30,2009-07-01,0.004376367614879806
2009-07-01,2009-07-02,-0.007625272331154731
2009-07-02,2009-07-03,-0.003780948896206837
2009-07-03,2009-07-06,-0.0064887365328109015
2009-07-06,2009-07-07,-0.0044362292051756125
2009-07-07,2009-07-08,-0.008107439039484965
2009-07-08,2009-07-09,0.017096150246459052
2009-07-09,2009-07-10,-0.0071161278449175525
2009-07-10,2009-07-13,-0.0003707136237257602
2009-07-13,2009-07-14,0.007107979479572313
2009-07-14,2009-07-15,0.008898981220081037
2009-07-15,2009-07-16,-0.0013382809173306809
2009-07-16,2009-07-17,-0.00529938478406522
2009-07-17,2009-07-20,0.01004286589099812
2009-07-20,2009-07-21,-0.00454710803928704
2009-07-21,2009-07-22,0.0012181009805711795
2009-07-22,2009-07-23,0.0074822069468944985
2009-07-23,2009-07-24,-0.007849293563579218
2009-07-24,2009-07-27,0.0032862706913341366
2009-07-27,2009-07-28,-0.0005459177483926325
2009-07-28,2009-07-29,-0.005947684651332219
2009-07-29,2009-07-30,0.006349593992307279
2009-07-30,2009-07-31,0.013953770551477174
2009-07-31,2009-08-03,0.01453957996768973
2009-08-03,2009-08-04,-0.0014154281670204494
2009-08-04,2009-08-05,0.002657689581856859
2009-08-05,2009-08-06,-0.0119573540672675
2009-08-06,2009-08-07,-0.006259687611780085
2009-08-07,2009-08-10,-0.01091847141400204
2009-08-10,2009-08-11,0.0008491538788135689
2009-08-11,2009-08-12,0.0022422883461608034
2009-08-12,2009-08-13,0.0025396057564397445
2009-08-13,2009-08-14,-0.0030759951749094183
2009-08-14,2009-08-17,-0.0124629439167524
2009-08-17,2009-08-18,0.005820008576854718
2009-08-18,2009-08-19,0.008344499939091365
2009-08-19,2009-08-20,-0.0036846874056176704
2009-08-20,2009-08-21,0.0005456529647145381
2009-08-21,2009-08-24,-0.005211173725989338
2009-08-24,2009-08-25,0.0007918620941707033
2009-08-25,2009-08-26,-0.01186853317102865
2009-08-26,2009-08-27,-0.0014166923313827517
2009-08-27,2009-08-28,0.0073402417962002975
2009-08-28,2009-08-31,-0.0010409650358215172
2009-08-31,2009-09-01,-0.008949368640431499
2009-09-01,2009-09-02,0.006246907471548768
2009-09-02,2009-09-03,0.0052246603970742544
2009-09-03,2009-09-04,0.00146753087929552
2009-09-04,2009-09-08,0.008181707168152474
2009-09-08,2009-09-09,0.002725290697674465
2009-09-09,2009-09-10,0.005556562179138691
2009-09-10,2009-09-11,0.002762928704426626
2009-09-11,2009-09-14,-0.006409104522312026
2009-09-14,2009-09-15,-0.009163250542560952
2009-09-15,2009-09-16,0.00395473351180331
2009-09-16,2009-09-17,0.0012726501424156211
2009-09-17,2009-09-18,-0.015494492192228426
2009-09-18,2009-09-21,-0.0023361613180867824
2009-09-21,2009-09-22,0.00936652699038687
2009-09-22,2009-09-23,0.001465201465201682
2009-09-23,2009-09-24,-0.02048280907095834
2009-09-24,2009-09-25,-0.006285785411998979
2009-09-25,2009-09-28,-0.003569862842111915
2009-09-28,2009-09-29,0.0008799497171589898
2009-09-29,2009-09-30,0.005023863350916757
2009-09-30,2009-10-01,-0.003374156460884792
2009-10-01,2009-10-02,-0.004514106583072053
2009-10-02,2009-10-05,0.003023050762060553
2009-10-05,2009-10-06,-0.0013813889237724863
2009-10-06,2009-10-07,-0.00031438631790736693
2009-10-07,2009-10-08,0.012013334171960377
2009-10-08,2009-10-09,-0.012057178371659427
2009-10-09,2009-10-13,0.0
2009-10-13,2009-10-14,0.004906894816306018
2009-10-14,2009-10-15,0.01721547514711408
2009-10-15,2009-10-16,0.006215767124130744
2009-10-16,2009-10-19,0.003058103975535076
2009-10-19,2009-10-20,-0.0012195121951219523
2009-10-20,2009-10-21,0.014041514041514214
2009-10-21,2009-10-22,-0.0009030704394943356
2009-10-22,2009-10-23,-0.01470322386260925
2009-10-23,2009-10-26,0.0
2009-10-26,2009-10-27,-0.0010396917619717172
2009-10-27,2009-10-28,0.002510101628504957
2009-10-28,2009-10-29,0.011236641221374022
2009-10-29,2009-10-30,-0.0048312096141071015
2009-10-30,2009-11-02,-0.004187147278354231
2009-11-02,2009-11-03,-0.001645338208409508
2009-11-03,2009-11-04,0.011475309772325026
2009-11-04,2009-11-05,-0.00036207832961188124
2009-11-05,2009-11-06,0.001267733172351404
2009-11-06,2009-11-09,0.008139394670203748
2009-11-09,2009-11-10,-0.00239220142335983
2009-11-10,2009-11-12,-0.008272885318625911
2009-11-12,2009-11-13,0.0068911322009308495
2009-11-13,2009-11-16,0.008284805187008581
2009-11-16,2009-11-17,-0.00160762131586778
2009-11-17,2009-11-18,-0.0007156488549618922
2009-11-18,2009-11-19,-0.005848651229410362
2009-11-19,2009-11-20,-0.00774402689398479
2009-11-20,2009-11-23,0.0042349809425856755
2009-11-23,2009-11-24,-0.001325381047051044
2009-11-24,2009-11-25,0.005670507329432306
2009-11-25,2009-11-27,-0.010617239517725419
2009-11-27,2009-11-30,-0.005153389111191897
2009-11-30,2009-12-01,0.013224449996952936
2009-12-01,2009-12-02,0.0009022013713460009
2009-12-02,2009-12-03,-0.0037858301784747805
2009-12-03,2009-12-04,-0.003800217155266017
2009-12-04,2009-12-07,-0.0052073872237359264
2009-12-07,2009-12-08,-0.007730233124353281
2009-12-08,2009-12-09,-0.003680529996319515
2009-12-09,2009-12-10,0.0009235315847802017
2009-12-10,2009-12-11,-0.001291751245617312
2009-12-11,2009-12-14,0.003017984725301792
2009-12-14,2009-12-15,-0.0031317163033467432
2009-12-15,2009-12-16,0.008315880251324348
2009-12-16,2009-12-17,-0.014295314313641727
2009-12-17,2009-12-18,-0.003222807561202301
2009-12-18,2009-12-21,0.0
2009-12-21,2009-12-22,-0.00789653671578694
2009-12-22,2009-12-23,-6.267234895962481e-05
2009-12-23,2009-12-24,-0.0008774678784079226
2009-12-24,2009-12-28,0.0037638793049370456
2009-12-28,2009-12-29,-0.006812074245359789
2009-12-29,2009-12-30,0.00994210923735217
2009-12-30,2009-12-31,0.007289719626168312
2009-12-31,2010-01-04,-0.0035875548957753356
2010-01-04,2010-01-05,-0.006207709975789899
2010-01-05,2010-01-06,0.00043725404459982187
2010-01-06,2010-01-07,-0.00649350649350644
2010-01-07,2010-01-08,0.005090497737556543
2010-01-08,2010-01-11,0.009566685424873489
2010-01-11,2010-01-12,0.0021677195590239506
2010-01-12,2010-01-13,0.006612693900253319
2010-01-13,2010-01-14,0.0019646365422396617
2010-01-14,2010-01-15,-0.004901960784313597
2010-01-15,2010-01-19,0.008004926108374333
2010-01-19,2010-01-20,-0.005070250458155123
2010-01-20,2010-01-21,-0.004482102290170098
2010-01-21,2010-01-22,-0.005797458986061321
2010-01-22,2010-01-25,0.007196029776674884
2010-01-25,2010-01-26,-0.007822123675782167
2010-01-26,2010-01-27,0.005897324477000421
2010-01-27,2010-01-28,0.002345099975314735
2010-01-28,2010-01-29,-0.014345523950252459
2010-01-29,2010-02-01,-0.005309513398713217
2010-02-01,2010-02-02,0.0027631248430042277
2010-02-02,2010-02-03,-0.0033191382765531685
2010-02-03,2010-02-04,-0.009550738297203876
2010-02-04,2010-02-05,-0.009135316881304312
2010-02-05,2010-02-08,0.0019847621486650535
2010-02-08,2010-02-09,0.0018530351437699988
2010-02-09,2010-02-10,-0.004655909177881279
2010-02-10,2010-02-11,0.00435729847494537
2010-02-11,2010-02-12,-0.0003189996172003884
2010-02-12,2010-02-16,0.004020677771395809
2010-02-16,2010-02-17,-0.0017798118484616543
2010-02-17,2010-02-18,-0.0077687213448802694
2010-02-18,2010-02-19,-0.009305609036067253
2010-02-19,2010-02-22,0.0025911770421713776
2010-02-22,2010-02-23,-0.0008399560638366887
2010-02-23,2010-02-24,-0.0020693222969477842
2010-02-24,2010-02-25,-0.01496889580093308
2010-02-25,2010-02-26,0.0024998355371357306
2010-02-26,2010-03-01,-0.017389592492945694
2010-03-01,2010-03-02,-0.002270602377454245
2010-03-02,2010-03-03,0.012315930388219432
2010-03-03,2010-03-04,-0.006149166887066793
2010-03-04,2010-03-05,0.005588450535559897
2010-03-05,2010-03-08,-0.0036387694343368304
2010-03-08,2010-03-09,-0.003784860557768943
2010-03-09,2010-03-10,-0.0017329867359860973
2010-03-10,2010-03-11,0.005007678440275054
2010-03-11,2010-03-12,0.009035344140313484
2010-03-12,2010-03-15,-0.009547010797998357
2010-03-15,2010-03-16,0.009904939174366856
2010-03-16,2010-03-17,0.006845708267509298
2010-03-17,2010-03-18,-0.0032034518828453207
2010-03-18,2010-03-19,-0.015281694759624709
2010-03-19,2010-03-22,0.0037964566404689037
2010-03-22,2010-03-23,-0.00026541039081695583
2010-03-23,2010-03-24,-0.010154642596402641
2010-03-24,2010-03-25,-0.0020115327879844935
2010-03-25,2010-03-26,0.0014780972856758279
2010-03-26,2010-03-29,0.004226485978800376
2010-03-29,2010-03-30,0.008083372302759129
2010-03-30,2010-03-31,0.006361829025844923
2010-03-31,2010-04-01,0.0068484130119848
2010-04-01,2010-04-02,-0.006082406801831142
2010-04-02,2010-04-05,0.005724814108047704
2010-04-05,2010-04-06,-0.003533106516618756
2010-04-06,2010-04-07,0.0010505581089954585
2010-04-07,2010-04-08,0.0017053653417289372
2010-04-08,2010-04-09,0.006482451545311685
2010-04-09,2010-04-12,-0.00019517272786417905
2010-04-12,2010-04-13,0.003123373243102634
2010-04-13,2010-04-14,0.004411001556823946
2010-04-14,2010-04-15,-0.0012270731077240749
2010-04-15,2010-04-16,-0.004526349822179032
2010-04-16,2010-04-19,-0.008574212406625592
2010-04-19,2010-04-20,0.007338006944899389
2010-04-20,2010-04-21,0.0014308943089431647
2010-04-21,2010-04-22,-0.0018834837955447048
2010-04-22,2010-04-23,-0.0003253513794898577
2010-04-23,2010-04-26,0.006704419709692155
2010-04-26,2010-04-27,-0.011703090650459047
2010-04-27,2010-04-28,-0.008177952240758901
2010-04-28,2010-04-29,0.009432717678100166
2010-04-29,2010-04-30,0.00032673332026389446
2010-04-30,2010-05-03,-0.004311471126208444
2010-05-03,2010-05-04,-0.00702007610549793
2010-05-04,2010-05-05,-6.607201850017397e-05
2010-05-05,2010-05-06,-0.0161887141535616
2010-05-06,2010-05-07,-0.010074551682450084
2010-05-07,2010-05-10,0.016351177149060314
2010-05-10,2010-05-11,-0.0018691588785045843
2010-05-11,2010-05-12,-0.006487426431246668
2010-05-12,2010-05-13,-0.013194210703466935
2010-05-13,2010-05-14,-0.006958182686404246
2010-05-14,2010-05-17,-0.011609534931647958
2010-05-17,2010-05-18,0.0035446205170974743
2010-05-18,2010-05-19,-0.006233118637024693
2010-05-19,2010-05-20,-0.0003484563384209549
2010-05-20,2010-05-21,0.008505298382599058
2010-05-21,2010-05-24,-0.0020047006774506215
2010-05-24,2010-05-25,-0.005887649788737237
2010-05-25,2010-05-26,0.0034141583054625446
2010-05-26,2010-05-27,0.011665856537740549
2010-05-27,2010-05-28,-0.0052851945912554266
2010-05-28,2010-06-01,0.012489649461772112
2010-06-01,2010-06-02,-0.0021808764397193148
2010-06-02,2010-06-03,-0.001707533638412695
2010-06-03,2010-06-04,-0.008415435139573102
2010-06-04,2010-06-07,0.00034499413509969656
2010-06-07,2010-06-08,-0.005242102358946066
2010-06-08,2010-06-09,0.011302177229233212
2010-06-09,2010-06-10,0.006102159753171188
2010-06-10,2010-06-11,-0.008791059015946678
2010-06-11,2010-06-14,0.015469233413544226
2010-06-14,2010-06-15,0.0038591740013540488
2010-06-15,2010-06-16,0.000741889795643047
2010-06-16,2010-06-17,-0.002156624882059588
2010-06-17,2010-06-18,-0.0012832635418074112
2010-06-18,2010-06-21,0.00263745181578412
2010-06-21,2010-06-22,0.0016187778227438887
2010-06-22,2010-06-23,0.006868686868686913
2010-06-23,2010-06-24,0.0022739432851790475
2010-06-24,2010-06-25,-6.672894701720278e-05
2010-06-25,2010-06-28,0.007540874207540904
2010-06-28,2010-06-29,-0.001125976950589469
2010-06-29,2010-06-30,-0.00888535243021027
2010-06-30,2010-07-01,0.011975647287081115
2010-07-01,2010-07-02,0.0035039005685575386
2010-07-02,2010-07-06,6.588049278599684e-05
2010-07-06,2010-07-07,-6.58761528327112e-05
2010-07-07,2010-07-08,-0.0014493708412939288
2010-07-08,2010-07-09,-0.004090519232037959
2010-07-09,2010-07-12,-0.005233521033454758
2010-07-12,2010-07-13,0.010588705380927044
2010-07-13,2010-07-14,0.007182866556836753
2010-07-14,2010-07-15,0.006019366657943115
2010-07-15,2010-07-16,-0.005658168574401712
2010-07-16,2010-07-19,-0.00438223559421802
2010-07-19,2010-07-20,0.002167914860071063
2010-07-20,2010-07-21,-0.0035398230088495852
2010-07-21,2010-07-22,0.005394381948556015
2010-07-22,2010-07-23,0.009291369495517898
2010-07-23,2010-07-26,0.004213938411669282
2010-07-26,2010-07-27,0.0030987734021949986
2010-07-27,2010-07-28,0.004698159351267828
2010-07-28,2010-07-29,-0.0012811479085260702
2010-07-29,2010-07-30,0.00788916682701557
2010-07-30,2010-08-02,0.011645666284841427
2010-08-02,2010-08-03,0.002767817827263208
2010-08-03,2010-08-04,-0.0033874913744432744
2010-08-04,2010-08-05,-0.0016995027380877215
2010-08-05,2010-08-06,0.00750315258511991
2010-08-06,2010-08-09,-0.002127792727955491
2010-08-09,2010-08-10,-0.010598933835058055
2010-08-10,2010-08-11,-0.005578093306288001
2010-08-11,2010-08-12,-0.007330443651198393
2010-08-12,2010-08-13,0.0004494959224299322
2010-08-13,2010-08-16,0.006354300385109202
2010-08-16,2010-08-17,-0.005931500733465156
2010-08-17,2010-08-18,0.0021172847427177732
2010-08-18,2010-08-19,-0.0004481720980857862
2010-08-19,2010-08-20,-0.006213169356904857
2010-08-20,2010-08-23,0.0010957138253302467
2010-08-23,2010-08-24,-0.003927375740406913
2010-08-24,2010-08-25,-0.000711007691810428
2010-08-25,2010-08-26,0.007373868046571808
2010-08-26,2010-08-27,-0.0029536406831899287
2010-08-27,2010-08-30,-0.0035419886656362642
2010-08-30,2010-08-31,-0.007432301428294319
2010-08-31,2010-09-01,0.007422841515822176
2010-09-01,2010-09-02,-0.005105997931747708
2010-09-02,2010-09-03,0.003832911063470501
2010-09-03,2010-09-07,-0.008866166192078584
2010-09-07,2010-09-08,0.012928501469147813
2010-09-08,2010-09-09,-0.004190034164893941
2010-09-09,2010-09-10,-0.003948731227343294
2010-09-10,2010-09-13,0.0051342041983493125
2010-09-13,2010-09-14,0.006013190223716602
2010-09-14,2010-09-15,0.00527026158493471
2010-09-15,2010-09-16,-0.0018541014001662859
2010-09-16,2010-09-17,0.0014732257238021518
2010-09-17,2010-09-20,-0.004541093700031862
2010-09-20,2010-09-21,-0.0008352608583912513
2010-09-21,2010-09-22,0.006301845540479745
2010-09-22,2010-09-23,0.004728736660489563
2010-09-23,2010-09-24,0.006741715957514494
2010-09-24,2010-09-27,0.001389854065323215
2010-09-27,2010-09-28,-0.002712762601728591
2010-09-28,2010-09-29,0.0002530364372468341
2010-09-29,2010-09-30,-0.005122691626612719
2010-09-30,2010-10-01,0.006229737461064255
2010-10-01,2010-10-04,0.001263503695748236
2010-10-04,2010-10-05,0.004164300586787739
2010-10-05,2010-10-06,-0.0007540056550423557
2010-10-06,2010-10-07,0.001697792869269854
2010-10-07,2010-10-08,0.0013182674199623268
2010-10-08,2010-10-12,-0.009529183123315077
2010-10-12,2010-10-13,0.0027849863915436757
2010-10-13,2010-10-14,0.009404784447389902
2010-10-14,2010-10-15,0.0021885942971486827
2010-10-15,2010-10-18,-0.007487365071441987
2010-10-18,2010-10-19,-0.010561388068146105
2010-10-19,2010-10-20,0.00749729970137869
2010-10-20,2010-10-21,-0.006558617645204157
2010-10-21,2010-10-22,-0.004824477877229616
2010-10-22,2010-10-25,0.004528927728519427
2010-10-25,2010-10-26,0.0078105156210313
2010-10-26,2010-10-27,-0.005607712179446778
2010-10-27,2010-10-28,0.01032822202509176
2010-10-28,2010-10-29,0.00470366886171214
2010-10-29,2010-11-01,0.001872659176029856
2010-11-01,2010-11-02,-0.0024922118380061864
2010-11-02,2010-11-03,0.004372267332916957
2010-11-03,2010-11-04,0.01256218905472628
2010-11-04,2010-11-05,-0.004360643655570651
2010-11-05,2010-11-08,-0.003762877058787195
2010-11-08,2010-11-09,-0.006191950464396245
2010-11-09,2010-11-10,0.0013084112149532867
2010-11-10,2010-11-12,0.006284612034098691
2010-11-12,2010-11-15,-0.0066782092505565105
2010-11-15,2010-11-16,-0.011391932270916283
2010-11-16,2010-11-17,0.003778099615893149
2010-11-17,2010-11-18,0.004328461200677536
2010-11-18,2010-11-19,-0.0030605871330418033
2010-11-19,2010-11-22,-0.0018169287638619691
2010-11-22,2010-11-23,-0.006778809942254549
2010-11-23,2010-11-24,-0.003159757330637114
2010-11-24,2010-11-26,-0.01001648281983003
2010-11-26,2010-11-29,-0.0037781762295081567
2010-11-29,2010-11-30,0.0013498746544964302
2010-11-30,2010-12-01,0.0016048273205802044
2010-12-01,2010-12-02,0.00044863167339603827
2010-12-02,2010-12-03,0.007238949391415783
2010-12-03,2010-12-06,-0.0027348470393691038
2010-12-06,2010-12-07,0.007780612244898011
2010-12-07,2010-12-08,-0.0006328312871789477
2010-12-08,2010-12-09,-0.003736068895643374
2010-12-09,2010-12-10,0.004830610818025827
2010-12-10,2010-12-13,0.0046176228730470115
2010-12-13,2010-12-14,-0.005477899508878115
2010-12-14,2010-12-15,-0.011522633744855959
2010-12-15,2010-12-16,-6.404918977775953e-05
2010-12-16,2010-12-17,-0.008455034588777832
2010-12-17,2010-12-20,0.002648578811369484
2010-12-20,2010-12-21,-0.0038013014625346564
2010-12-21,2010-12-22,-0.00465657741559955
2010-12-22,2010-12-23,0.0006497725795973075
2010-12-23,2010-12-27,-0.0011688311688311526
2010-12-27,2010-12-28,-0.0013652320894551595
2010-12-28,2010-12-29,0.006640192695787972
2010-12-29,2010-12-30,-0.004591605768608953
2010-12-30,2011-01-03,0.006366943866943808
2011-01-03,2011-01-04,0.006197546804389997
2011-01-04,2011-01-05,-0.005710252790966153
2011-01-05,2011-01-06,-0.00045170032909602753
2011-01-06,2011-01-07,0.004519044544867734
2011-01-07,2011-01-10,0.00147814910025712
2011-01-10,2011-01-11,0.002887762305076036
2011-01-11,2011-01-12,0.00563091886357836
2011-01-12,2011-01-13,0.009798931025706281
2011-01-13,2011-01-14,0.0002520478890988276
2011-01-14,2011-01-18,0.007937507874511862
2011-01-18,2011-01-19,-0.0005625000000000213
2011-01-19,2011-01-20,-0.007254080420236453
2011-01-20,2011-01-21,0.0076850393700786945
2011-01-21,2011-01-24,-0.00012502344189535552
2011-01-24,2011-01-25,-0.011065958111909913
2011-01-25,2011-01-26,0.0042988999873561085
2011-01-26,2011-01-27,0.001196021654286783
2011-01-27,2011-01-28,-0.004212511788745599
2011-01-28,2011-01-31,0.012880414193711331
2011-01-31,2011-02-01,0.00511158209699536
2011-02-01,2011-02-02,0.002666832051600121
2011-02-02,2011-02-03,-0.0004948351580380539
2011-02-03,2011-02-04,-0.004331951234606057
2011-02-04,2011-02-07,0.0013673938715892398
2011-02-07,2011-02-08,-0.0012413878716405202
2011-02-08,2011-02-09,-0.00012429308308992137
2011-02-09,2011-02-10,0.0026726334762881
2011-02-10,2011-02-11,-0.009050334738408106
2011-02-11,2011-02-14,0.002314525209558438
2011-02-14,2011-02-15,0.006553079947575258
2011-02-15,2011-02-16,-0.004030257936507908
2011-02-16,2011-02-17,0.0067857809873621555
2011-02-17,2011-02-18,0.004513974771209517
2011-02-18,2011-02-22,-0.007140658664204436
2011-02-22,2011-02-23,0.005704011408022902
2011-02-23,2011-02-24,-0.007089575241970292
2011-02-24,2011-02-25,-0.0017384825530858405
2011-02-25,2011-02-28,0.010511257619106873
2011-02-28,2011-03-01,0.0038160891241458827
2011-03-01,2011-03-02,0.00012263167576187506
2011-03-02,2011-03-03,-0.002758874379253262
2011-03-03,2011-03-04,-0.000983646870773458
2011-03-04,2011-03-07,-0.0028307692307691923
2011-03-07,2011-03-08,-0.0024685262898049842
2011-03-08,2011-03-09,0.0023509032417718956
2011-03-09,2011-03-10,-0.008579187754598205
2011-03-10,2011-03-11,-0.0018676461433108082
2011-03-11,2011-03-14,0.009230961142643324
2011-03-14,2011-03-15,-0.007230702675978029
2011-03-15,2011-03-16,-0.0022410358565737587
2011-03-16,2011-03-17,0.007174943848265558
2011-03-17,2011-03-18,0.002725639596109719
2011-03-18,2011-03-21,0.005498239327855536
2011-03-21,2011-03-22,0.006819857458835177
2011-03-22,2011-03-23,-0.008604381521938098
2011-03-23,2011-03-24,-0.005355164348147312
2011-03-24,2011-03-25,-0.004517606287517739
2011-03-25,2011-03-28,-0.003854283227651356
2011-03-28,2011-03-29,-0.0025586620069895094
2011-03-29,2011-03-30,0.0034411562284926145
2011-03-30,2011-03-31,0.0006235191420376207
2011-03-31,2011-04-01,0.0052342971086738466
2011-04-01,2011-04-04,-0.0001859657822960159
2011-04-04,2011-04-05,0.009486018972038046
2011-04-05,2011-04-06,0.001965360520820525
2011-04-06,2011-04-07,-0.0006129704548240023
2011-04-07,2011-04-08,0.0022693817468106836
2011-04-08,2011-04-11,0.0027538094363870336
2011-04-11,2011-04-12,-0.007506407909190771
2011-04-12,2011-04-13,0.0013527639426920146
2011-04-13,2011-04-14,0.003991403131716309
2011-04-14,2011-04-15,-0.001529051987767538
2011-04-15,2011-04-18,-0.005880551301684522
2011-04-18,2011-04-19,0.005299155832152236
2011-04-19,2011-04-20,0.00551639595464315
2011-04-20,2011-04-21,0.010179823224626627
2011-04-21,2011-04-22,-0.0033188510741009036
2011-04-22,2011-04-25,-0.0012108736453351199
2011-04-25,2011-04-26,-0.0019397466205975933
2011-04-26,2011-04-27,0.003947767992711793
2011-04-27,2011-04-28,0.006412583182093146
2011-04-28,2011-04-29,0.0033060831930753487
2011-04-29,2011-05-02,-5.991252770953803e-05
2011-05-02,2011-05-03,-0.00922708208508094
2011-05-03,2011-05-04,-0.0007256894049345597
2011-05-04,2011-05-05,-0.0058702493343016915
2011-05-05,2011-05-06,-0.0006087538808060566
2011-05-06,2011-05-09,-0.004812085033806479
2011-05-09,2011-05-10,-0.0004284490145671782
2011-05-10,2011-05-11,0.004959892229502216
2011-05-11,2011-05-12,-0.0074335851815744425
2011-05-12,2011-05-13,-0.00681399631675883
2011-05-13,2011-05-16,0.0037703195500340403
2011-05-16,2011-05-17,-0.0020935960591133007
2011-05-17,2011-05-18,-0.0035789213871405545
2011-05-18,2011-05-19,0.0019197423829575566
2011-05-19,2011-05-20,0.0026577662401880975
2011-05-20,2011-05-23,-0.00739736160769322
2011-05-23,2011-05-24,0.005154639175257714
2011-05-24,2011-05-25,0.005684275563793584
2011-05-25,2011-05-26,0.0042391104011796354
2011-05-26,2011-05-27,0.00905420286308578
2011-05-27,2011-05-31,-0.0033345458954772145
2011-05-31,2011-06-01,-0.002919885637812425
2011-06-01,2011-06-02,-0.004026599963394495
2011-06-02,2011-06-03,0.004410413476263253
2011-06-03,2011-06-06,-0.002134536805513121
2011-06-06,2011-06-07,0.005011612272338262
2011-06-07,2011-06-08,-0.0038311846266116945
2011-06-08,2011-06-09,6.104633416770255e-05
2011-06-09,2011-06-10,-0.00781345379074605
2011-06-10,2011-06-13,0.0033222591362127574
2011-06-13,2011-06-14,0.004905567819475154
2011-06-14,2011-06-15,-0.010373443983402564
2011-06-15,2011-06-16,-0.005426069798988742
2011-06-16,2011-06-17,0.0034717916924984493
2011-06-17,2011-06-20,0.0012356357345855162
2011-06-20,2011-06-21,0.0016043440700974632
2011-06-21,2011-06-22,-0.006222276983735786
2011-06-22,2011-06-23,-0.009546835286095123
2011-06-23,2011-06-24,0.0005007197846906841
2011-06-24,2011-06-27,-0.0008132624335315253
2011-06-27,2011-06-28,0.0027548209366390353
2011-06-28,2011-06-29,0.003371628371628521
2011-06-29,2011-06-30,-0.0001866832607342328
2011-06-30,2011-07-01,0.00018671811788140147
2011-07-01,2011-07-05,0.0009334163036713861
2011-07-05,2011-07-06,-0.005408765930991599
2011-07-06,2011-07-07,-0.0019377422177773163
2011-07-07,2011-07-08,0.00394563787812352
2011-07-08,2011-07-11,-0.006113537117903967
2011-07-11,2011-07-12,0.0005021340697968224
2011-07-12,2011-07-13,0.010727728983688678
2011-07-13,2011-07-14,0.0008689715101484197
2011-07-14,2011-07-15,0.0014883720930232158
2011-07-15,2011-07-18,-0.0077404173633042195
2011-07-18,2011-07-19,0.00692710933599594
2011-07-19,2011-07-20,0.0002479082739386129
2011-07-20,2011-07-21,0.01003779664167559
2011-07-21,2011-07-22,0.001104226734556013
2011-07-22,2011-07-25,-0.0020834609963844564
2011-07-25,2011-07-26,0.006570463616825339
2011-07-26,2011-07-27,-0.0021351878965348847
2011-07-27,2011-07-28,-0.0011615821972243978
2011-07-28,2011-07-29,0.007161219243481565
2011-07-29,2011-08-01,-0.01075660893345487
2011-08-01,2011-08-02,0.0005528934758569637
2011-08-02,2011-08-03,0.007306440719592411
2011-08-03,2011-08-04,-0.0059734243569425916
2011-08-04,2011-08-05,0.0033112582781458233
2011-08-05,2011-08-08,-0.0004889377826672314
2011-08-08,2011-08-09,-0.009783539195303947
2011-08-09,2011-08-10,-0.0015437816475237787
2011-08-10,2011-08-11,0.0036489578823675206
2011-08-11,2011-08-12,0.0034508257333005776
2011-08-12,2011-08-15,0.006325227216900098
2011-08-15,2011-08-16,0.002257887349728538
2011-08-16,2011-08-17,0.010168046760837823
2011-08-17,2011-08-18,-0.006147911518293081
2011-08-18,2011-08-19,0.0033355570380253496
2011-08-19,2011-08-22,-0.005560928433268941
2011-08-22,2011-08-23,0.0034646243617797445
2011-08-23,2011-08-24,-0.008116784784057196
2011-08-24,2011-08-25,-0.0052519083969465585
2011-08-25,2011-08-26,0.0019645159309964466
2011-08-26,2011-08-29,0.0047178481710679065
2011-08-29,2011-08-30,-0.007256982558848657
2011-08-30,2011-08-31,-0.0006142883469499871
2011-08-31,2011-09-01,-0.005531993361608034
2011-09-01,2011-09-02,0.0006798936893503971
2011-09-02,2011-09-06,-0.01457689932056827
2011-09-06,2011-09-07,-0.000376081233546377
2011-09-07,2011-09-08,0.004577376473539063
2011-09-08,2011-09-09,-0.00942512951750829
2011-09-09,2011-09-12,-0.0035286704473850294
2011-09-12,2011-09-13,-0.0005691159731882056
2011-09-13,2011-09-14,-0.002024675735526782
2011-09-14,2011-09-15,0.002218981804349207
2011-09-15,2011-09-16,-0.0003795546558703622
2011-09-16,2011-09-19,-0.008100240475889198
2011-09-19,2011-09-20,0.002807196631364084
2011-09-20,2011-09-21,-0.006298511260974693
2011-09-21,2011-09-22,-0.016710416800051253
2011-09-22,2011-09-23,0.007618179450449292
2011-09-23,2011-09-26,0.0050403877221323334
2011-09-26,2011-09-27,0.008229923487430124
2011-09-27,2011-09-28,-0.0021044576238761215
2011-09-28,2011-09-29,0.0023645194274029002
2011-09-29,2011-09-30,-0.0038890659866114285
2011-09-30,2011-10-03,-0.009600614439324029
2011-10-03,2011-10-04,-0.004588341734522494
2011-10-04,2011-10-05,0.002142439784457606
2011-10-05,2011-10-06,-0.002461777662606912
2011-10-06,2011-10-07,0.014937004805818832
2011-10-07,2011-10-11,-0.0021755822882006948
2011-10-11,2011-10-12,0.010452738232653802
2011-10-12,2011-10-13,-0.0017769880053311038
2011-10-13,2011-10-14,0.005022569775573693
2011-10-14,2011-10-17,-0.001897773279352144
2011-10-17,2011-10-18,-0.007859044238813673
2011-10-18,2011-10-19,0.009262808227929131
2011-10-19,2011-10-20,-0.00462054560415226
2011-10-20,2011-10-21,0.013925982449446872
2011-10-21,2011-10-24,0.002571338977735982
2011-10-24,2011-10-25,0.0005004378831476863
2011-10-25,2011-10-26,-0.005564586720019915
2011-10-26,2011-10-27,0.011065702609242445
2011-10-27,2011-10-28,0.003047074186928622
2011-10-28,2011-10-31,0.0006819590824551636
2011-10-31,2011-11-01,-0.012081035871383428
2011-11-01,2011-11-02,0.0017559262510973284
2011-11-02,2011-11-03,-0.0009390259171152548
2011-11-03,2011-11-04,0.004198258036217872
2011-11-04,2011-11-07,-0.0001247972045426149
2011-11-07,2011-11-08,0.0032451323015476596
2011-11-08,2011-11-09,-0.007340134361781381
2011-11-09,2011-11-10,-0.0014412833688433047
2011-11-10,2011-11-14,-0.0022591779102603127
2011-11-14,2011-11-15,-0.005094660041512045
2011-11-15,2011-11-16,-0.0030345176381338934
2011-11-16,2011-11-17,0.001965757767913745
2011-11-17,2011-11-18,-0.0011391684070628516
2011-11-18,2011-11-21,-0.007666476588734761
2011-11-21,2011-11-22,-0.0010215808964372242
2011-11-22,2011-11-23,-0.008628403425795739
2011-11-23,2011-11-25,-0.0028366965379408304
2011-11-25,2011-11-28,0.004590418309950328
2011-11-28,2011-11-29,0.005599176213154866
2011-11-29,2011-11-30,0.005120000000000013
2011-11-30,2011-12-01,-0.00044571792422787304
2011-12-01,2011-12-02,-0.006752452541725185
2011-12-02,2011-12-05,0.00622113904566457
2011-12-05,2011-12-06,-0.006947542864427225
2011-12-06,2011-12-07,0.007124518613607078
2011-12-07,2011-12-08,-0.003568924861385492
2011-12-08,2011-12-09,0.00044771346338357
2011-12-09,2011-12-12,-0.0028768699654775354
2011-12-12,2011-12-13,-0.0044239276783997195
2011-12-13,2011-12-14,-0.005345182895414746
2011-12-14,2011-12-15,0.0026545807704758673
2011-12-15,2011-12-16,0.0018080847216841445
2011-12-16,2011-12-19,0.0010957844527523797
2011-12-19,2011-12-20,0.009207391668276443
2011-12-20,2011-12-21,0.0003827995406406881
2011-12-21,2011-12-22,-0.0008290816326531614
2011-12-22,2011-12-23,-0.003319078317482571
2011-12-23,2011-12-27,0.00358629522894649
2011-12-27,2011-12-28,-0.01231574245421474
2011-12-28,2011-12-29,-0.005943920403152947
2011-12-29,2011-12-30,0.009814116729494504
2011-12-30,2012-01-03,0.00759477376584905
2012-01-03,2012-01-04,-0.0010859150431170583
2012-01-04,2012-01-05,-0.010103593809950184
2012-01-05,2012-01-06,-0.003165374677002619
2012-01-06,2012-01-09,0.0003240230704426583
2012-01-09,2012-01-10,0.003433532003109585
2012-01-10,2012-01-11,-0.010588159338885683
2012-01-11,2012-01-12,0.0
2012-01-12,2012-01-13,-0.001566068515497565
2012-01-13,2012-01-17,0.0035945363048166534
2012-01-17,2012-01-18,0.0035165407658244163
2012-01-18,2012-01-19,0.004802076573653613
2012-01-19,2012-01-20,0.003616636528029016
2012-01-20,2012-01-23,0.002702702702702675
2012-01-23,2012-01-24,0.000834295982544031
2012-01-24,2012-01-25,-0.00160307790958647
2012-01-25,2012-01-26,0.008734746307000663
2012-01-26,2012-01-27,0.0006366993505666496
2012-01-27,2012-01-30,-0.0016543649783661296
2012-01-30,2012-01-31,0.004079031230082908
2012-01-31,2012-02-01,0.00603021454868613
2012-02-01,2012-02-02,-0.0022714366837024436
2012-02-02,2012-02-03,-0.0021501296401693626
2012-02-03,2012-02-06,0.003358894733506368
2012-02-06,2012-02-07,0.0037266296109146335
2012-02-07,2012-02-08,-0.004467937826442614
2012-02-08,2012-02-09,0.0011378002528446007
2012-02-09,2012-02-10,-0.005682535673696254
2012-02-10,2012-02-13,0.002032004064008275
2012-02-13,2012-02-14,-0.005640050697084953
2012-02-14,2012-02-15,0.0012108852208272403
2012-02-15,2012-02-16,0.005410566518141202
2012-02-16,2012-02-17,0.0011396011396012096
2012-02-17,2012-02-21,-0.0010750648200847923
2012-02-21,2012-02-22,-0.007533552798176579
2012-02-22,2012-02-23,0.0014671174331823966
2012-02-23,2012-02-24,0.010764331210191047
2012-02-24,2012-02-27,-0.0015123826328060641
2012-02-27,2012-02-28,0.002650678447459809
2012-02-28,2012-02-29,0.004028450934726591
2012-02-29,2012-03-01,0.00012538398846473342
2012-03-01,2012-03-02,-0.006331097599197588
2012-03-02,2012-03-05,0.001135503406510141
2012-03-05,2012-03-06,-0.009451795841209809
2012-03-06,2012-03-07,0.001653944020356235
2012-03-07,2012-03-08,0.004826622634319877
2012-03-08,2012-03-09,-0.009164454556946033
2012-03-09,2012-03-12,-0.0039548382981438035
2012-03-12,2012-03-13,0.007748959333973682
2012-03-13,2012-03-14,-0.0031774275546517794
2012-03-14,2012-03-15,-0.001083768965956966
2012-03-15,2012-03-16,0.01123236964707397
2012-03-16,2012-03-19,0.0030924581887030733
2012-03-19,2012-03-20,-0.0023279224864727333
2012-03-20,2012-03-21,-0.0005675726808350712
2012-03-21,2012-03-22,-0.002587077233720314
2012-03-22,2012-03-23,0.0036059973429494185
2012-03-23,2012-03-26,0.0047276853252646855
2012-03-26,2012-03-27,0.0020703933747410197
2012-03-27,2012-03-28,-0.0073253193087904345
2012-03-28,2012-03-29,0.0035320088300221375
2012-03-29,2012-03-30,0.004650870466972545
2012-03-30,2012-04-02,0.0023146700031280165
2012-04-02,2012-04-03,-0.003495194108101396
2012-04-03,2012-04-04,-0.005449079293498693
2012-04-04,2012-04-05,-0.00358964670319295
2012-04-05,2012-04-06,0.0034761724181517906
2012-04-06,2012-04-09,0.00012596838193634774
2012-04-09,2012-04-10,-0.002707979091882473
2012-04-10,2012-04-11,0.003536246526900655
2012-04-11,2012-04-12,0.002957462874402239
2012-04-12,2012-04-13,-0.005521048999309941
2012-04-13,2012-04-16,0.0008832250331209934
2012-04-16,2012-04-17,0.004160100850929771
2012-04-17,2012-04-18,0.005586592178770999
2012-04-18,2012-04-19,0.0023720349563045584
2012-04-19,2012-04-20,0.004047826628471807
2012-04-20,2012-04-23,-0.001302487130186658
2012-04-23,2012-04-24,0.002049434852813281
2012-04-24,2012-04-25,0.0006817477533314076
2012-04-25,2012-04-26,0.002601263470828785
2012-04-26,2012-04-27,0.003150481838398722
2012-04-27,2012-04-30,-0.0008621220518504336
2012-04-30,2012-05-01,-0.0002465331278890259
2012-05-01,2012-05-02,-0.0017261574502189792
2012-05-02,2012-05-03,-0.0004940406348421522
2012-05-03,2012-05-04,-0.002286067346308318
2012-05-04,2012-05-07,0.0027247956403269047
2012-05-07,2012-05-08,-0.0020380434782608647
2012-05-08,2012-05-09,-0.001794665511479665
2012-05-09,2012-05-10,0.0019218846869188955
2012-05-10,2012-05-11,-0.005012066085019473
2012-05-11,2012-05-14,0.002238805970149249
2012-05-14,2012-05-15,-0.005646562422437218
2012-05-15,2012-05-16,-0.005741029641185724
2012-05-16,2012-05-17,-0.006903910123642665
2012-05-17,2012-05-18,-0.002211969917209178
2012-05-18,2012-05-21,0.0001266784899924822
2012-05-21,2012-05-22,-0.0009499683343888732
2012-05-22,2012-05-23,-0.005324881141045901
2012-05-23,2012-05-24,0.00044611560767338077
2012-05-24,2012-05-25,-0.0031851191234553156
2012-05-25,2012-05-29,-0.0011503067484662788
2012-05-29,2012-05-30,-0.006269993602047386
2012-05-30,2012-05-31,-0.008176667525109371
2012-05-31,2012-06-01,-0.001428107757221686
2012-06-01,2012-06-04,-6.500682571664029e-05
2012-06-04,2012-06-05,-0.001755298400728078
2012-06-05,2012-06-06,0.007815043959622292
2012-06-06,2012-06-07,0.005298869143780305
2012-06-07,2012-06-08,-0.007970688436073958
2012-06-08,2012-06-11,0.005313289703881452
2012-06-11,2012-06-12,0.003029326458266146
2012-06-12,2012-06-13,-0.0003212954633080578
2012-06-13,2012-06-14,-0.0015427138908531424
2012-06-14,2012-06-15,0.007789866735337769
2012-06-15,2012-06-18,0.0007026957966016489
2012-06-18,2012-06-19,0.0042770507500797805
2012-06-19,2012-06-20,0.0011441647597254523
2012-06-20,2012-06-21,-0.007428571428571451
2012-06-21,2012-06-22,-0.003262329687200083
2012-06-22,2012-06-25,-0.0017327685791297398
2012-06-25,2012-06-26,0.004178720668595259
2012-06-26,2012-06-27,-0.00454545454545463
2012-06-27,2012-06-28,-0.0029583896070486393
2012-06-28,2012-06-29,0.011804166935431848
2012-06-29,2012-07-02,-0.00044625780951157434
2012-07-02,2012-07-03,0.0014669302889214197
2012-07-03,2012-07-05,-0.010890332441727213
2012-07-05,2012-07-06,-0.0032837550705040464
2012-07-06,2012-07-09,0.0017441860465114978
2012-07-09,2012-07-10,-6.448700586836331e-05
2012-07-10,2012-07-11,0.0016767702824711517
2012-07-11,2012-07-12,-0.006889003347926859
2012-07-12,2012-07-13,0.008103727714748654
2012-07-13,2012-07-16,0.0054662379421221985
2012-07-16,2012-07-17,-0.0014070994563478711
2012-07-17,2012-07-18,0.0014731313648883582
2012-07-18,2012-07-19,0.005308262982860024
2012-07-19,2012-07-20,-0.005661937782301729
2012-07-20,2012-07-23,-0.0075495841330774915
2012-07-23,2012-07-24,0.0005801959773079624
2012-07-24,2012-07-25,-0.0027060112106178646
2012-07-25,2012-07-26,0.013179145939660186
2012-07-26,2012-07-27,0.00286934897659874
2012-07-27,2012-07-30,-0.002161749745676511
2012-07-30,2012-07-31,-0.000509748948642752
2012-07-31,2012-08-01,-0.005737600408007082
2012-08-01,2012-08-02,-0.006155424467812254
2012-08-02,2012-08-03,0.009677419354838568
2012-08-03,2012-08-06,-0.0015974440894568342
2012-08-06,2012-08-07,0.002112000000000114
2012-08-07,2012-08-08,6.386511687317409e-05
2012-08-08,2012-08-09,-0.0022989973816974762
2012-08-09,2012-08-10,0.0035844588107278863
2012-08-10,2012-08-13,0.0007015753555710269
2012-08-13,2012-08-14,0.0001274697259401325
2012-08-14,2012-08-15,-0.000382360438439977
2012-08-15,2012-08-16,0.003315058013515282
2012-08-16,2012-08-17,-0.0026051594865929006
2012-08-17,2012-08-20,0.0006370644072115628
2012-08-20,2012-08-21,0.005156936397784362
2012-08-21,2012-08-22,0.0007600709399544492
2012-08-22,2012-08-23,0.005189873417721591
2012-08-23,2012-08-24,-0.004218612265457833
2012-08-24,2012-08-27,-0.000948466645589563
2012-08-27,2012-08-28,0.0017721518987341423
2012-08-28,2012-08-29,0.0006949709375789759
2012-08-29,2012-08-30,-0.0028410884525539304
2012-08-30,2012-08-31,0.0044320628086615965
2012-08-31,2012-09-04,0.0015758951084214878
2012-09-04,2012-09-05,0.0011328592107746616
2012-09-05,2012-09-06,0.0009429810775130054
2012-09-06,2012-09-07,0.00590378093204369
2012-09-07,2012-09-10,-0.0004370629370629153
2012-09-10,2012-09-11,0.0038728215378849296
2012-09-11,2012-09-12,0.002488955261029213
2012-09-12,2012-09-13,0.0008689715101484197
2012-09-13,2012-09-14,0.007379844961240334
2012-09-14,2012-09-17,0.0011696626446688896
2012-09-17,2012-09-18,-0.0007378712414684019
2012-09-18,2012-09-19,-0.0019691095932558023
2012-09-19,2012-09-20,-0.0012947777298230045
2012-09-20,2012-09-21,0.0032720088899864663
2012-09-21,2012-09-24,-0.003199803089040776
2012-09-24,2012-09-25,0.0020371627878263965
2012-09-25,2012-09-26,-0.005359783144406105
2012-09-26,2012-09-27,0.0044595850108390955
2012-09-27,2012-09-28,-0.005241413331688927
2012-09-28,2012-10-01,0.0006198859409869417
2012-10-01,2012-10-02,0.0027258084500061397
2012-10-02,2012-10-03,-0.006734214753490786
2012-10-03,2012-10-04,0.005473658020775041
2012-10-04,2012-10-05,0.001917723476646982
2012-10-05,2012-10-09,-0.01290442084465293
2012-10-09,2012-10-10,0.001251016450866338
2012-10-10,2012-10-11,0.001311926032360855
2012-10-11,2012-10-12,0.0029323683553781343
2012-10-12,2012-10-15,-0.00037325038880242634
2012-10-15,2012-10-16,0.001991412035596607
2012-10-16,2012-10-17,0.003974908390783183
2012-10-17,2012-10-18,-0.001484689143210649
2012-10-18,2012-10-19,-0.008549656155132923
2012-10-19,2012-10-22,0.0015622070861713855
2012-10-22,2012-10-23,-0.005989518342899958
2012-10-23,2012-10-24,0.005209640974140006
2012-10-24,2012-10-25,0.006493911957540011
2012-10-25,2012-10-26,-0.0013028103480365871
2012-10-26,2012-10-29,-0.0045347248105354065
2012-10-29,2012-10-30,0.003619344773790889
2012-10-30,2012-10-31,0.0017409687247402772
2012-10-31,2012-11-01,0.001924151201042834
2012-11-01,2012-11-02,-0.0065667203568332555
2012-11-02,2012-11-05,-0.003679221751060169
2012-11-05,2012-11-06,0.0005007197846906841
2012-11-06,2012-11-07,-0.0006255864873319084
2012-11-07,2012-11-08,0.0002503912363067684
2012-11-08,2012-11-09,-0.004193003316853461
2012-11-09,2012-11-13,-0.0016968325791855143
2012-11-13,2012-11-14,-0.002266288951841444
2012-11-14,2012-11-15,0.0010095274149788391
2012-11-15,2012-11-16,6.30318310745892e-05
2012-11-16,2012-11-19,0.0026471700491617067
2012-11-19,2012-11-20,0.0011943676137793346
2012-11-20,2012-11-21,0.0005650781691466378
2012-11-21,2012-11-23,0.006024096385542244
2012-11-23,2012-11-26,-0.001122754491017952
2012-11-26,2012-11-27,0.0008742350443362579
2012-11-27,2012-11-28,-0.0019341152982281784
2012-11-28,2012-11-29,0.0018128399074828216
2012-11-29,2012-11-30,6.239860227119642e-05
2012-11-30,2012-12-03,0.0048043925875085325
2012-12-03,2012-12-04,-0.00043467461500257265
2012-12-04,2012-12-05,0.0003106168851338964
2012-12-05,2012-12-06,-0.0022357471121600136
2012-12-06,2012-12-07,-0.002178513631271084
2012-12-07,2012-12-10,0.0023080281953715698
2012-12-10,2012-12-11,0.00217824246950471
2012-12-11,2012-12-12,0.00180090666335464
2012-12-12,2012-12-13,-0.00012397718819734393
2012-12-13,2012-12-14,0.0005579665220085683
2012-12-14,2012-12-17,0.003965549290538606
2012-12-17,2012-12-18,0.0032709991976793695
2012-12-18,2012-12-19,0.0011687992125983815
2012-12-19,2012-12-20,-0.0004301075268816623
2012-12-20,2012-12-21,-0.006208507499385285
2012-12-21,2012-12-24,-0.0033401373167564197
2012-12-24,2012-12-26,0.00031030844659585277
2012-12-26,2012-12-27,-0.0007445092443230106
2012-12-27,2012-12-28,0.0031665217931204914
2012-12-28,2012-12-31,0.006498731200099028
2012-12-31,2013-01-02,-0.00043045135899655307
2013-01-02,2013-01-03,-0.0063980313749615325
2013-01-03,2013-01-04,-0.007120302148473812
2013-01-04,2013-01-07,0.002743826390621207
2013-01-07,2013-01-08,-0.0024875621890547706
2013-01-08,2013-01-09,-0.0009975062344139696
2013-01-09,2013-01-10,0.006303045431852228
2013-01-10,2013-01-11,0.00018604651162790198
2013-01-11,2013-01-14,-0.003162202380952439
2013-01-14,2013-01-15,0.0007464079119239297
2013-01-15,2013-01-16,-0.004972341351233811
2013-01-16,2013-01-17,-0.0011243675432569544
2013-01-17,2013-01-18,-0.007191545244199848
2013-01-18,2013-01-22,-0.0008818342151674097
2013-01-22,2013-01-23,-0.0008826125330979595
2013-01-23,2013-01-24,-0.003722867238768357
2013-01-24,2013-01-25,0.0006333523339034919
2013-01-25,2013-01-28,-0.0071523514146465406
2013-01-28,2013-01-29,0.004143822516893936
2013-01-29,2013-01-30,0.0026664973652466006
2013-01-30,2013-01-31,0.00398910909896788
2013-01-31,2013-02-01,-0.007063572149344055
2013-02-01,2013-02-04,-0.0004446138211381401
2013-02-04,2013-02-05,-0.005401283599161366
2013-02-05,2013-02-06,0.0001916687963199326
2013-02-06,2013-02-07,0.0036410092622165546
2013-02-07,2013-02-08,0.006491853360488742
2013-02-08,2013-02-11,-0.009232325787277063
2013-02-11,2013-02-12,-0.0008935409752361956
2013-02-12,2013-02-13,-0.007026957966015046
2013-02-13,2013-02-14,-0.002702007205352519
2013-02-14,2013-02-15,0.001032124887111463
2013-02-15,2013-02-19,-0.005541951282381885
2013-02-19,2013-02-20,-0.008488854328667639
2013-02-20,2013-02-21,-0.0024834978106006433
2013-02-21,2013-02-22,-0.0004586254340561702
2013-02-22,2013-02-25,-0.009438909281594077
2013-02-25,2013-02-26,0.0008602435150872889
2013-02-26,2013-02-27,0.0005950413223141382
2013-02-27,2013-02-28,0.003832430289414601
2013-02-28,2013-03-01,-0.010466034755134301
2013-03-01,2013-03-04,0.0033925364198761354
2013-03-04,2013-03-05,0.0009281357730046569
2013-03-05,2013-03-06,-0.004106504172738057
2013-03-06,2013-03-07,-0.0002660281989890212
2013-03-07,2013-03-08,-0.007051623203831903
2013-03-08,2013-03-11,-0.001875921211309084
2013-03-11,2013-03-12,-0.001409585179218631
2013-03-12,2013-03-13,0.003226456946965106
2013-03-13,2013-03-14,0.007638190954774027
2013-03-14,2013-03-15,0.005651971540660883
2013-03-15,2013-03-18,-0.0007273208145992527
2013-03-18,2013-03-19,0.0003308409978164395
2013-03-19,2013-03-20,0.0009921947347533155
2013-03-20,2013-03-21,0.0031057952818343004
2013-03-21,2013-03-22,0.0038866930171277403
2013-03-22,2013-03-25,-0.003609160706083081
2013-03-25,2013-03-26,-0.0018440463645942318
2013-03-26,2013-03-27,-0.0029031406703615703
2013-03-27,2013-03-28,0.0047644256220220615
2013-03-28,2013-03-29,0.000592729188619634
2013-03-29,2013-04-01,0.002566971631672521
2013-04-01,2013-04-02,-0.0078125
2013-04-02,2013-04-03,0.0017865413882087733
2013-04-03,2013-04-04,0.0038309114927344012
2013-04-04,2013-04-05,0.009080142123963686
2013-04-05,2013-04-08,-0.005151278038602047
2013-04-08,2013-04-09,0.003932621091957689
2013-04-09,2013-04-10,-0.00013057387216819372
2013-04-10,2013-04-11,0.005746000652954608
2013-04-11,2013-04-12,-0.0019476725313249954
2013-04-12,2013-04-15,-0.0034476029402199515
2013-04-15,2013-04-16,-0.00026109660574413773
2013-04-16,2013-04-17,-0.0039827631235309635
2013-04-17,2013-04-18,0.001769911504424737
2013-04-18,2013-04-19,-0.001832220913492888
2013-04-19,2013-04-22,0.0005244526025960372
2013-04-22,2013-04-23,0.0003276110601493354
2013-04-23,2013-04-24,-0.0005895067793278974
2013-04-24,2013-04-25,0.011534932494429162
2013-04-25,2013-04-26,0.002915640793054175
2013-04-26,2013-04-29,0.0011628658182052387
2013-04-29,2013-04-30,0.002710201974575721
2013-04-30,2013-05-01,0.0025098140163459792
2013-05-01,2013-05-02,-0.003787392476569562
2013-05-02,2013-05-03,0.0028352342290096644
2013-05-03,2013-05-06,-0.0016063740923986103
2013-05-06,2013-05-07,-0.00450508430943497
2013-05-07,2013-05-08,0.006141711921386239
2013-05-08,2013-05-09,-0.00391955278545264
2013-05-09,2013-05-10,-0.01083731131466903
2013-05-10,2013-05-13,-0.002804225903221713
2013-05-13,2013-05-14,-0.0021581322346477805
2013-05-14,2013-05-15,-0.003932363350373613
2013-05-15,2013-05-16,0.006843005658639267
2013-05-16,2013-05-17,-0.008430270552868824
2013-05-17,2013-05-20,0.0032953272259934607
2013-05-20,2013-05-21,-0.0034815739341785834
2013-05-21,2013-05-22,-0.008701384311140314
2013-05-22,2013-05-23,0.005452852772975136
2013-05-23,2013-05-24,0.0003968253968253954
2013-05-24,2013-05-28,-0.004297236546344063
2013-05-28,2013-05-29,0.003983799216519479
2013-05-29,2013-05-30,0.005687454533430225
2013-05-30,2013-05-31,-0.0014467021766291221
2013-05-31,2013-06-03,0.010800131708923244
2013-06-03,2013-06-04,-0.0029317870871066187
2013-06-04,2013-06-05,0.005750130684788246
2013-06-05,2013-06-06,0.013578482328482355
2013-06-06,2013-06-07,-0.002756233574770839
2013-06-07,2013-06-10,-0.00012855122766419758
2013-06-10,2013-06-11,0.001992800205708356
2013-06-11,2013-06-12,0.007057163020465884
2013-06-12,2013-06-13,6.370644072117848e-05
2013-06-13,2013-06-14,-0.000764428589629329
2013-06-14,2013-06-17,0.0014662756598240456
2013-06-17,2013-06-18,-0.005347253166974375
2013-06-18,2013-06-19,0.0020480000000000498
2013-06-19,2013-06-20,-0.01200740882672302
2013-06-20,2013-06-21,-0.006205960307712144
2013-06-21,2013-06-24,0.002016522474468152
2013-06-24,2013-06-25,0.0009088548428979326
2013-06-25,2013-06-26,-0.00557789596575442
2013-06-26,2013-06-27,-0.006326637098878041
2013-06-27,2013-06-28,-0.001640958319658825
2013-06-28,2013-07-01,0.002432610124917911
2013-07-01,2013-07-02,-0.004984587131894869
2013-07-02,2013-07-03,0.006130116669962549
2013-07-03,2013-07-05,-0.023191823899371022
2013-07-05,2013-07-08,0.0014755197853788538
2013-07-08,2013-07-09,-0.006362175194213782
2013-07-09,2013-07-10,0.006605108849497832
2013-07-10,2013-07-11,0.012855708068295835
2013-07-11,2013-07-12,-0.001256032260196993
2013-07-12,2013-07-15,-0.001323801959226878
2013-07-15,2013-07-16,0.002253446447507912
2013-07-16,2013-07-17,0.004099986774236175
2013-07-17,2013-07-18,0.000592729188619634
2013-07-18,2013-07-19,0.004409925623642508
2013-07-19,2013-07-22,0.006946264744429831
2013-07-22,2013-07-23,-0.0007809449433814342
2013-07-23,2013-07-24,0.0008466849029566959
2013-07-24,2013-07-25,-0.0022125333506863853
2013-07-25,2013-07-26,0.0022826583186590366
2013-07-26,2013-07-29,-0.000845913586673519
2013-07-29,2013-07-30,-0.0072289156626507145
2013-07-30,2013-07-31,-0.004395171870899994
2013-07-31,2013-08-01,-0.002108453581076697
2013-08-01,2013-08-02,0.008715747771541826
2013-08-02,2013-08-05,0.004582051449891988
2013-08-05,2013-08-06,0.0013031862904802072
2013-08-06,2013-08-07,0.009565953016203554
2013-08-07,2013-08-08,0.002642774268402981
2013-08-08,2013-08-09,-0.003085824493731959
2013-08-09,2013-08-12,-0.0020635841877860717
2013-08-12,2013-08-13,-0.0015508885298870512
2013-08-13,2013-08-14,0.005177658403986873
2013-08-14,2013-08-15,0.002704268881591698
2013-08-15,2013-08-16,0.0030822577538047735
2013-08-16,2013-08-19,0.002816721080596496
2013-08-19,2013-08-20,0.0008298755186721962
2013-08-20,2013-08-21,0.0
2013-08-21,2013-08-22,-0.006250797295573429
2013-08-22,2013-08-23,-0.0001283697047497201
2013-08-23,2013-08-26,-0.0006419309282321706
2013-08-26,2013-08-27,-0.002569373072970227
2013-08-27,2013-08-28,-0.0005151983513652647
2013-08-28,2013-08-29,-0.0020618556701031965
2013-08-29,2013-08-30,-0.0012913223140496033
2013-08-30,2013-09-03,0.004913369537108858
2013-09-03,2013-09-04,0.00636901698404535
2013-09-04,2013-09-05,-0.0031963178418462634
2013-09-05,2013-09-06,0.0025652536394535908
2013-09-06,2013-09-09,0.005821019637945346
2013-09-09,2013-09-10,0.0004451793436783813
2013-09-10,2013-09-11,0.004831224969804815
2013-09-11,2013-09-12,0.0007591573353578074
2013-09-12,2013-09-13,0.002655035084392132
2013-09-13,2013-09-16,0.004161149990542734
2013-09-16,2013-09-17,-0.0016324480442015954
2013-09-17,2013-09-18,0.004024904094082071
2013-09-18,2013-09-19,0.0048856874412777085
2013-09-19,2013-09-20,-0.0013713145920338787
2013-09-20,2013-09-23,0.0028088134323700498
2013-09-23,2013-09-24,-0.003734594796464541
2013-09-24,2013-09-25,0.0046232662751468645
2013-09-25,2013-09-26,-0.004228855721393088
2013-09-26,2013-09-27,0.007681738695977991
2013-09-27,2013-09-30,0.002726991013324964
2013-09-30,2013-10-01,0.001792446999196562
2013-10-01,2013-10-02,0.000987166831194486
2013-10-02,2013-10-03,-0.003390039447731752
2013-10-03,2013-10-04,-0.006184674376894073
2013-10-04,2013-10-07,0.000809011139461191
2013-10-07,2013-10-08,0.000435269245118608
2013-10-08,2013-10-09,-0.00907452296600153
2013-10-09,2013-10-10,0.002007150473561925
2013-10-10,2013-10-11,-0.00187793427230043
2013-10-11,2013-10-15,0.0018187519598620305
2013-10-15,2013-10-16,-0.004382120946538004
2013-10-16,2013-10-17,0.0164738430583502
2013-10-17,2013-10-18,0.001113447977236115
2013-10-18,2013-10-21,-0.0021626297577854725
2013-10-21,2013-10-22,0.004458480401263287
2013-10-22,2013-10-23,-0.0030824240182479867
2013-10-23,2013-10-24,0.0009275864201347961
2013-10-24,2013-10-25,-0.0017298900284197227
2013-10-25,2013-10-28,-0.0016709988860006408
2013-10-28,2013-10-29,-0.0044634554584339625
2013-10-29,2013-10-30,0.0011831371816426461
2013-10-30,2013-10-31,-0.0006219679064559669
2013-10-31,2013-11-01,-0.009086382872790622
2013-11-01,2013-11-04,0.001758573043587397
2013-11-04,2013-11-05,0.005893416927899686
2013-11-05,2013-11-06,0.002243829468960401
2013-11-06,2013-11-07,-0.0006840796019901285
2013-11-07,2013-11-08,-0.004605140332316959
2013-11-08,2013-11-12,-0.004939043451078429
2013-11-12,2013-11-13,0.007351093239507334
2013-11-13,2013-11-14,0.0027443397991642193
2013-11-14,2013-11-15,0.0018660197798097133
2013-11-15,2013-11-18,0.00018625442354247568
2013-11-18,2013-11-19,0.0
2013-11-19,2013-11-20,0.0024829298572315306
2013-11-20,2013-11-21,0.0003095975232196846
2013-11-21,2013-11-22,0.003466419065304871
2013-11-22,2013-11-25,-0.00400962309542896
2013-11-25,2013-11-26,0.0025393286262851422
2013-11-26,2013-11-27,0.004942237598072552
2013-11-27,2013-11-29,0.006516259912706657
2013-11-29,2013-12-02,-0.0004886092957917532
2013-12-02,2013-12-03,0.0031164069660860605
2013-12-03,2013-12-04,-0.003898635477582846
2013-12-04,2013-12-05,-0.0014677103718199191
2013-12-05,2013-12-06,-6.124448799604831e-05
2013-12-06,2013-12-09,0.004654866172597583
2013-12-09,2013-12-10,0.0012802536121441221
2013-12-10,2013-12-11,-0.0021310277642474507
2013-12-11,2013-12-12,-0.0038440417353102774
2013-12-12,2013-12-13,-0.001960063702070358
2013-12-13,2013-12-16,0.0010433288326991974
2013-12-16,2013-12-17,-0.0034945742137207914
2013-12-17,2013-12-18,0.00824412452319434
2013-12-18,2013-12-19,-0.0003661215523553807
2013-12-19,2013-12-20,-0.0016481504089855825
2013-12-20,2013-12-23,6.114338122897855e-05
2013-12-23,2013-12-24,0.0009170946441672267
2013-12-24,2013-12-26,0.0032985156679494754
2013-12-26,2013-12-27,0.004018264840182528
2013-12-27,2013-12-30,0.0018798132314594707
2013-12-30,2013-12-31,0.0031473187265464997
2013-12-31,2014-01-02,-0.008024616869796164
2014-01-02,2014-01-03,-0.0010340003649411678
2014-01-03,2014-01-06,-0.000730638090599145
2014-01-06,2014-01-07,0.0005483792347062977
2014-01-07,2014-01-08,0.002435905243286074
2014-01-08,2014-01-09,-0.00012149930137905773
2014-01-09,2014-01-10,0.0006683273588918848
2014-01-10,2014-01-13,-0.005525197328476117
2014-01-13,2014-01-14,0.004334818975517463
2014-01-14,2014-01-15,-0.00455927051671734
2014-01-15,2014-01-16,-0.002442748091603053
2014-01-16,2014-01-17,0.005754514845423886
2014-01-17,2014-01-21,0.0024347190942846098
2014-01-21,2014-01-22,0.006193454368814022
2014-01-22,2014-01-23,0.002474201919015151
2014-01-23,2014-01-24,-0.007283891163014644
2014-01-24,2014-01-27,0.005881996240373555
2014-01-27,2014-01-28,-0.0004219918013022017
2014-01-28,2014-01-29,-0.0012061998673180696
2014-01-29,2014-01-30,-0.004468329207173438
2014-01-30,2014-01-31,-0.002244192394007416
2014-01-31,2014-02-03,-0.008693009118540984
2014-02-03,2014-02-04,-0.00042926350646965705
2014-02-04,2014-02-05,0.0004907975460124447
2014-02-05,2014-02-06,0.002268825116507278
2014-02-06,2014-02-07,0.0030590394616090144
2014-02-07,2014-02-10,0.0014638609332113806
2014-02-10,2014-02-11,0.002984347402399834
2014-02-11,2014-02-12,0.006679621083313103
2014-02-12,2014-02-13,0.003920858969718832
2014-02-13,2014-02-14,0.005587934867511857
2014-02-14,2014-02-18,-0.002390057361376652
2014-02-18,2014-02-19,0.0013176808816481866
2014-02-19,2014-02-20,-0.004665629860031162
2014-02-20,2014-02-21,-0.0006009615384614531
2014-02-21,2014-02-24,0.0006614552014430064
2014-02-24,2014-02-25,0.003305089838351094
2014-02-25,2014-02-26,-0.0028749401054144474
2014-02-26,2014-02-27,0.002703027390677626
2014-02-27,2014-02-28,0.003414604924219855
2014-02-28,2014-03-03,-0.0022686567164179605
2014-03-03,2014-03-04,-0.002812350406893205
2014-03-04,2014-03-05,0.00384038403840381
2014-03-05,2014-03-06,0.0008368701058041328
2014-03-06,2014-03-07,-0.001075076151227261
2014-03-07,2014-03-10,-0.005500747384155513
2014-03-10,2014-03-11,-0.00030060722659774886
2014-03-11,2014-03-12,-0.001383209044984346
2014-03-12,2014-03-13,0.0043360433604335835
2014-03-13,2014-03-14,-0.002818252683336242
2014-03-14,2014-03-17,0.0009019843656044024
2014-03-17,2014-03-18,-0.004265545208771426
2014-03-18,2014-03-19,0.0033184505852541513
2014-03-19,2014-03-20,-0.007096037043718861
2014-03-20,2014-03-21,-0.0007873538852886108
2014-03-21,2014-03-24,-0.00042429385380038376
2014-03-24,2014-03-25,0.0009702261839792392
2014-03-25,2014-03-26,0.003574241230992925
2014-03-26,2014-03-27,0.0036822407340335594
2014-03-27,2014-03-28,0.0006014314067479543
2014-03-28,2014-03-31,0.0022840656368334766
2014-03-31,2014-04-01,-0.0021589205397302136
2014-04-01,2014-04-02,-0.00030049882805449624
2014-04-02,2014-04-03,-0.003066009378381529
2014-04-03,2014-04-04,0.0006633299161791228
2014-04-04,2014-04-07,0.0013257804025550435
2014-04-07,2014-04-08,0.007643235435724538
2014-04-08,2014-04-09,0.00047781162276772093
2014-04-09,2014-04-10,0.001790937854456276
2014-04-10,2014-04-11,-0.002681604195220788
2014-04-11,2014-04-14,0.00029875717017202597
2014-04-14,2014-04-15,-0.0009557374111461847
2014-04-15,2014-04-16,0.004125560538116524
2014-04-16,2014-04-17,0.0008931761343338174
2014-04-17,2014-04-18,-0.0010113629603188956
2014-04-18,2014-04-21,0.0
2014-04-21,2014-04-22,0.002441638875654961
2014-04-22,2014-04-23,-0.003861462603219845
2014-04-23,2014-04-24,0.0017294847328244156
2014-04-24,2014-04-25,0.0007739477287611596
2014-04-25,2014-04-28,0.00011897679952399542
2014-04-28,2014-04-29,0.00101118248869847
2014-04-29,2014-04-30,0.003208746806108387
2014-04-30,2014-05-01,0.0010069300479773613
2014-05-01,2014-05-02,-0.002071005917159696
2014-05-02,2014-05-05,0.00029647198339755043
2014-05-05,2014-05-06,0.006283343212803771
2014-05-06,2014-05-07,-0.000706880301602264
2014-05-07,2014-05-08,-0.0011789672247111138
2014-05-08,2014-05-09,-0.005606704438149146
2014-05-09,2014-05-12,0.001305715472728286
2014-05-12,2014-05-13,-0.0019560192045522395
2014-05-13,2014-05-14,-0.0032070317139802906
2014-05-14,2014-05-15,0.00041706387035289616
2014-05-15,2014-05-16,0.0021440057173485183
2014-05-16,2014-05-19,-0.0002971414987817944
2014-05-19,2014-05-20,0.0014861490904769514
2014-05-20,2014-05-21,0.0013058704813913025
2014-05-21,2014-05-22,-0.0005928033671231958
2014-05-22,2014-05-23,-0.002194673468177255
2014-05-23,2014-05-27,-0.0013078111996195352
2014-05-27,2014-05-28,-0.005416666666666625
2014-05-28,2014-05-29,0.0005984798611526898
2014-05-29,2014-05-30,0.0026915485375920145
2014-05-30,2014-06-02,-0.00047721307563819426
2014-06-02,2014-06-03,-0.00017904034375748612
2014-06-03,2014-06-04,-0.00035814480988471953
2014-06-04,2014-06-05,0.0029258971756134233
2014-06-05,2014-06-06,-0.000119075970469118
2014-06-06,2014-06-09,0.00023818030248889954
2014-06-09,2014-06-10,-0.0026788903440885248
2014-06-10,2014-06-11,0.002507013669193592
2014-06-11,2014-06-12,0.003453408752605025
2014-06-12,2014-06-13,0.005933661662612
2014-06-13,2014-06-16,0.002064531351383181
2014-06-16,2014-06-17,-0.0013538968683778352
2014-06-17,2014-06-18,-0.0008252284114351749
2014-06-18,2014-06-19,0.005604389121585562
2014-06-19,2014-06-20,-0.001877273260588952
2014-06-20,2014-06-23,-0.000235100505466046
2014-06-23,2014-06-24,-0.0022927689594356426
2014-06-24,2014-06-25,0.0008838607035530632
2014-06-25,2014-06-26,0.0018839043918519316
2014-06-26,2014-06-27,-0.00011752262310493755
2014-06-27,2014-06-30,0.005230371415138713
2014-06-30,2014-07-01,0.0024554223911137374
2014-07-01,2014-07-02,0.001049746311308164
2014-07-02,2014-07-03,-0.0007573550830176634
2014-07-03,2014-07-07,-0.0013992537313433084
2014-07-07,2014-07-08,-5.838393274182341e-05
2014-07-08,2014-07-09,0.00017516202487311006
2014-07-09,2014-07-10,-0.0004670169293637949
2014-07-10,2014-07-11,-0.0008176614881437727
2014-07-11,2014-07-14,-0.0016951133972411547
2014-07-14,2014-07-15,0.004098600620645376
2014-07-15,2014-07-16,-0.0010496238847745865
2014-07-16,2014-07-17,-0.001576090129005947
2014-07-17,2014-07-18,-0.0020463049579044768
2014-07-18,2014-07-21,-0.00011717148046164194
2014-07-21,2014-07-22,-0.0005273334505185856
2014-07-22,2014-07-23,-0.0012897174346347962
2014-07-23,2014-07-24,-0.003228457384362615
2014-07-24,2014-07-25,-0.0005300041222542351
2014-07-25,2014-07-28,0.0011194909262315367
2014-07-28,2014-07-29,-0.003060443764345888
2014-07-29,2014-07-30,-0.002125273038550146
2014-07-30,2014-07-31,-0.0008282553392887637
2014-07-31,2014-08-01,-0.003374977796198775
2014-08-01,2014-08-04,0.0005346958174903271
2014-08-04,2014-08-05,0.0019595035924233617
2014-08-05,2014-08-06,-0.0024297736162143257
2014-08-06,2014-08-07,0.0009505138715617534
2014-08-07,2014-08-08,-0.004213899934714327
2014-08-08,2014-08-11,0.0005364167362023053
2014-08-11,2014-08-12,0.001131828200393148
2014-08-12,2014-08-13,-0.0065452814471023135
2014-08-13,2014-08-14,-0.00011978917105892606
2014-08-14,2014-08-15,-0.0004792140888941754
2014-08-15,2014-08-18,0.0020376363418432852
2014-08-18,2014-08-19,-0.005980861244019198
2014-08-19,2014-08-20,0.0007821901323705749
2014-08-20,2014-08-21,-0.00264534359405999
2014-08-21,2014-08-22,-0.0009042136355416064
2014-08-22,2014-08-25,0.0006636901170509191
2014-08-25,2014-08-26,-0.0009044317154055515
2014-08-26,2014-08-27,0.00018105009052504784
2014-08-27,2014-08-28,0.0003620346346466796
2014-08-28,2014-08-29,0.00036190361300447726
2014-08-29,2014-09-02,-0.005004522158577163
2014-09-02,2014-09-03,-0.0030905344806689827
2014-09-03,2014-09-04,-0.006200230988997579
2014-09-04,2014-09-05,-0.0022631353599609216
2014-09-05,2014-09-08,-0.01048307994114761
2014-09-08,2014-09-09,-0.0032835635958119447
2014-09-09,2014-09-10,0.0028592739930382027
2014-09-10,2014-09-11,0.005640262799057938
2014-09-11,2014-09-12,0.0011093990755008942
2014-09-12,2014-09-15,0.0
2014-09-15,2014-09-16,0.002893554146401467
2014-09-16,2014-09-17,0.0023941068139963217
2014-09-17,2014-09-18,0.002633351705554565
2014-09-18,2014-09-19,-0.0035426337649645534
2014-09-19,2014-09-22,0.0015937231825424725
2014-09-22,2014-09-23,0.001835985312117483
2014-09-23,2014-09-24,-0.0015882712278557642
2014-09-24,2014-09-25,-0.0018967205090554273
2014-09-25,2014-09-26,-0.0036167473793906613
2014-09-26,2014-09-29,0.0004921865386982027
2014-09-29,2014-09-30,-0.0025827081539785413
2014-09-30,2014-10-01,-0.0002466091245376667
2014-10-01,2014-10-02,-0.00468672915638868
2014-10-02,2014-10-03,-0.011028500619578718
2014-10-03,2014-10-06,0.0041974689888484296
2014-10-06,2014-10-07,0.002682637719134018
2014-10-07,2014-10-08,-0.0002488800398208202
2014-10-08,2014-10-09,0.003422952452078798
2014-10-09,2014-10-10,-0.004589716553991208
2014-10-10,2014-10-14,-0.007414792198890963
2014-10-14,2014-10-15,0.0018204645323289803
2014-10-15,2014-10-16,0.00664202017670279
2014-10-16,2014-10-17,0.0013071895424836555
2014-10-17,2014-10-20,0.003170458784035768
2014-10-20,2014-10-21,-0.00018590816136820898
2014-10-21,2014-10-22,-0.003966778232304402
2014-10-22,2014-10-23,-0.002053515868077227
2014-10-23,2014-10-24,0.003803703934651015
2014-10-24,2014-10-27,0.002174183128339058
2014-10-27,2014-10-28,0.0014876340420255652
2014-10-28,2014-10-29,-0.0004951414247693631
2014-10-29,2014-10-30,-0.007802340702210642
2014-10-30,2014-10-31,-0.001497846845160078
2014-10-31,2014-11-03,-0.0008125507844241042
2014-11-03,2014-11-04,0.00031277367696724845
2014-11-04,2014-11-05,-0.00043774623225556475
2014-11-05,2014-11-06,-0.0076326326326325855
2014-11-06,2014-11-07,-0.0011347875425545828
2014-11-07,2014-11-10,0.0008204998737693092
2014-11-10,2014-11-12,-0.0026486725105633324
2014-11-12,2014-11-13,-0.0061966487511854185
2014-11-13,2014-11-14,-0.0038175224279443087
2014-11-14,2014-11-17,-0.0007664303506419445
2014-11-17,2014-11-18,0.00019175455417053122
2014-11-18,2014-11-19,0.0014059304703475384
2014-11-19,2014-11-20,0.0008296107211231973
2014-11-20,2014-11-21,-0.0007013964165020203
2014-11-21,2014-11-24,0.0018504338948444055
2014-11-24,2014-11-25,0.0008279727405897663
2014-11-25,2014-11-26,0.004645539009800137
2014-11-26,2014-11-28,-0.009438145309431767
2014-11-28,2014-12-01,0.006714413607878278
2014-12-01,2014-12-02,-0.005843867115543522
2014-12-02,2014-12-03,0.0031307903648329916
2014-12-03,2014-12-04,0.00044585987261136495
2014-12-04,2014-12-05,-0.006812249315591767
2014-12-05,2014-12-08,0.0016025641025640969
2014-12-08,2014-12-09,0.0044159999999999755
2014-12-09,2014-12-10,-0.00031859309290172
2014-12-10,2014-12-11,0.0014659952833195877
2014-12-11,2014-12-12,0.0010183299389001643
2014-12-12,2014-12-15,-0.004132756866734422
2014-12-15,2014-12-16,0.004660665262082642
2014-12-16,2014-12-17,-0.005338078291815096
2014-12-17,2014-12-18,0.0006388959877332567
2014-12-18,2014-12-19,-0.0033839867194483952
2014-12-19,2014-12-22,0.0005765904285990331
2014-12-22,2014-12-23,-0.006466897169932095
2014-12-23,2014-12-24,0.002062254301733457
2014-12-24,2014-12-29,-0.0016078204386134054
2014-12-29,2014-12-30,0.0031564029889203926
2014-12-30,2014-12-31,0.0003210685160213167
2014-12-31,2015-01-02,-0.013929901142637036
2015-01-02,2015-01-05,-0.008267690905539915
2015-01-05,2015-01-06,-0.003938558487593502
2015-01-06,2015-01-07,-0.006656122314485313
2015-01-07,2015-01-08,0.0029854707092151767
2015-01-08,2015-01-09,0.0021828284164571166
2015-01-09,2015-01-12,0.001122038149297122
2015-01-12,2015-01-13,-0.0001318565400844074
2015-01-13,2015-01-14,0.004483713569827241
2015-01-14,2015-01-15,-0.004791912826572209
2015-01-15,2015-01-16,-0.0019128025855813524
2015-01-16,2015-01-20,0.0019825535289452745
2015-01-20,2015-01-21,-0.0029019918216594
2015-01-21,2015-01-22,-0.004365656832914344
2015-01-22,2015-01-23,-0.0019930906191868436
2015-01-23,2015-01-26,0.004393556117693986
2015-01-26,2015-01-27,0.007158006362672387
2015-01-27,2015-01-28,-0.0020400105290866444
2015-01-28,2015-01-29,-0.008044840092317873
2015-01-29,2015-01-30,-0.001130093731303572
2015-01-30,2015-02-02,6.655131106092504e-05
2015-02-02,2015-02-03,0.0067877819924135885
2015-02-03,2015-02-04,0.005287857756626435
2015-02-04,2015-02-05,0.005523045565126061
2015-02-05,2015-02-06,-0.003007912116654743
2015-02-06,2015-02-09,-0.001967600183642615
2015-02-09,2015-02-10,0.0023000591443778085
2015-02-10,2015-02-11,-0.0013113034356148079
2015-02-11,2015-02-12,0.009716386554621703
2015-02-12,2015-02-13,0.0009102730819245952
2015-02-13,2015-02-17,-0.0029232168377291146
2015-02-17,2015-02-18,0.005277216756792047
2015-02-18,2015-02-19,0.0013609850939728663
2015-02-19,2015-02-20,-0.0042715681832891095
2015-02-20,2015-02-23,0.00519987000324984
2015-02-23,2015-02-24,-0.0020045263498220667
2015-02-24,2015-02-25,0.004211481145522944
2015-02-25,2015-02-26,-0.004839021872378946
2015-02-26,2015-02-27,0.0009725103734439244
2015-02-27,2015-03-02,-0.004404430338752596
2015-03-02,2015-03-03,0.001301151519094379
2015-03-03,2015-03-04,-0.00812162952374762
2015-03-04,2015-03-05,-0.002423686623870047
2015-03-05,2015-03-06,-0.010900256090353944
2015-03-06,2015-03-09,0.002257186483436202
2015-03-09,2015-03-10,-0.000728621580446509
2015-03-10,2015-03-11,-0.009346413893676297
2015-03-11,2015-03-12,-0.00254265640682505
2015-03-12,2015-03-13,-0.0101965519554571
2015-03-13,2015-03-16,0.0030498136225007855
2015-03-16,2015-03-17,-0.003783783783783856
2015-03-17,2015-03-18,-0.003933803581117723
2015-03-18,2015-03-19,0.0029279586000272584
2015-03-19,2015-03-20,0.013171294724692695
2015-03-20,2015-03-23,0.0008711385110233838
2015-03-23,2015-03-24,-0.004418853776111398
2015-03-24,2015-03-25,0.0030262273032952702
2015-03-25,2015-03-26,-0.004760308414348047
2015-03-26,2015-03-27,0.002290487739153857
2015-03-27,2015-03-30,-0.00578034682080919
2015-03-30,2015-03-31,0.003921038399134602
2015-03-31,2015-04-01,-0.001818181818181941
2015-04-01,2015-04-02,0.0012817918100249681
2015-04-02,2015-04-03,0.004985850963482141
2015-04-03,2015-04-06,0.0028828104049343217
2015-04-06,2015-04-07,-0.006818637609465883
2015-04-07,2015-04-08,0.004509658746718603
2015-04-08,2015-04-09,-0.012396140444920878
2015-04-09,2015-04-10,-0.006174095935952195
2015-04-10,2015-04-13,0.000682687056253295
2015-04-13,2015-04-14,0.009005321326238214
2015-04-14,2015-04-15,-0.0005409060175795011
2015-04-15,2015-04-16,0.009538628061155352
2015-04-16,2015-04-17,0.001273202439187937
2015-04-17,2015-04-20,-0.0019408379065720682
2015-04-20,2015-04-21,0.002078723261583759
2015-04-21,2015-04-22,0.005554068522483968
2015-04-22,2015-04-23,0.0013309376455712396
2015-04-23,2015-04-24,0.008573137502492223
2015-04-24,2015-04-27,0.0038877174486031674
2015-04-27,2015-04-28,0.006104364949130137
2015-04-28,2015-04-29,0.010242693110647183
2015-04-29,2015-04-30,-0.010138844042621886
2015-04-30,2015-05-01,-0.012460855949895544
2015-05-01,2015-05-04,-0.0012552024839797005
2015-05-04,2015-05-05,0.00396877893901304
2015-05-05,2015-05-06,0.00434839899855044
2015-05-06,2015-05-07,-0.0013775911834164045
2015-05-07,2015-05-08,0.015240097221310034
2015-05-08,2015-05-11,0.008929149142672177
2015-05-11,2015-05-12,0.005900083370743436
2015-05-12,2015-05-13,0.00401657634682806
2015-05-13,2015-05-14,0.001143002286004613
2015-05-14,2015-05-15,0.00038056577445133577
2015-05-15,2015-05-18,-0.00589652548820685
2015-05-18,2015-05-19,-0.00994961413355444
2015-05-19,2015-05-20,0.0013528312826129874
2015-05-20,2015-05-21,0.008234688625836206
2015-05-21,2015-05-22,-0.011995916283818242
2015-05-22,2015-05-26,-0.005554120382330163
2015-05-26,2015-05-27,-0.004805818937524409
2015-05-27,2015-05-28,-0.002153484729835564
2015-05-28,2015-05-29,-0.00032698973252232033
2015-05-29,2015-06-01,-0.006476514457673721
2015-06-01,2015-06-02,0.009481793639296798
2015-06-02,2015-06-03,0.0013045463440088945
2015-06-03,2015-06-04,0.0010422773760667692
2015-06-04,2015-06-05,-0.006507451031431022
2015-06-05,2015-06-08,0.0008515097923627035
2015-06-08,2015-06-09,0.006740837696335156
2015-06-09,2015-06-10,0.009556003380355005
2015-06-10,2015-06-11,-0.0023824855119124466
2015-06-11,2015-06-12,0.006067256180210423
2015-06-12,2015-06-15,-0.0009623404118817014
2015-06-15,2015-06-16,0.004174158746468093
2015-06-16,2015-06-17,0.004540512886103354
2015-06-17,2015-06-18,0.011077158135981646
2015-06-18,2015-06-19,-6.296436217101409e-05
2015-06-19,2015-06-22,-0.003652162962030081
2015-06-22,2015-06-23,-0.004550338115401731
2015-06-23,2015-06-24,-0.004444162275411001
2015-06-24,2015-06-25,0.002997257827944688
2015-06-25,2015-06-26,0.0006993896236013875
2015-06-26,2015-06-29,0.0015884109536818958
2015-06-29,2015-06-30,-0.0023471200202994646
2015-06-30,2015-07-01,-0.006994340942328425
2015-07-01,2015-07-02,-0.0001920983543575172
2015-07-02,2015-07-06,0.00032022543870890985
2015-07-06,2015-07-07,-0.011268327037582515
2015-07-07,2015-07-08,-0.005827883183319282
2015-07-08,2015-07-09,0.0014329447013612384
2015-07-09,2015-07-10,0.008325203252032454
2015-07-10,2015-07-13,0.0009675546668386215
2015-07-13,2015-07-14,0.004253125402758018
2015-07-14,2015-07-15,0.002374229979466236
2015-07-15,2015-07-16,-0.0012803277639075183
2015-07-16,2015-07-17,0.0014742644702261387
2015-07-17,2015-07-20,-0.002368151561700005
2015-07-20,2015-07-21,-0.002373773015974856
2015-07-21,2015-07-22,0.004308681672025916
2015-07-22,2015-07-23,-0.00537875392200815
2015-07-23,2015-07-24,-0.0012232022146397847
2015-07-24,2015-07-27,0.0052210906278202796
2015-07-27,2015-07-28,0.0014107085604360137
2015-07-28,2015-07-29,0.00044822949350065144
2015-07-29,2015-07-30,-0.0027521761392729216
2015-07-30,2015-07-31,0.0034015788460304286
2015-07-31,2015-08-03,-0.001982857873864541
2015-08-03,2015-08-04,0.0005768121515092872
2015-08-04,2015-08-05,-0.000512426338713734
2015-08-05,2015-08-06,-0.005319148936170248
2015-08-06,2015-08-07,-0.0034791572707945084
2015-08-07,2015-08-10,0.005107648542057364
2015-08-10,2015-08-11,0.0016724559372185421
2015-08-11,2015-08-12,0.004302594400205528
2015-08-12,2015-08-13,-0.0028134791227060196
2015-08-13,2015-08-14,0.0019236934915036752
2015-08-14,2015-08-17,-0.0017279999999999518
2015-08-17,2015-08-18,0.003846647006026327
2015-08-18,2015-08-19,-0.0008302465193511521
2015-08-19,2015-08-20,0.002748481943112724
2015-08-20,2015-08-21,0.000637429882712981
2015-08-21,2015-08-24,0.0021021786214803218
2015-08-24,2015-08-25,-0.0020977687368888276
2015-08-25,2015-08-26,-0.013058988406166483
2015-08-26,2015-08-27,-0.00529271283805588
2015-08-27,2015-08-28,-0.003179547076763267
2015-08-28,2015-08-31,6.509569066537324e-05
2015-08-31,2015-09-01,-0.0014320119768274076
2015-09-01,2015-09-02,-0.0020207287660518602
2015-09-02,2015-09-03,-0.0036577400391899495
2015-09-03,2015-09-04,-0.003867837944145802
2015-09-04,2015-09-08,0.012240868706811403
2015-09-08,2015-09-09,-0.001170275014628408
2015-09-09,2015-09-10,0.006118596628262862
2015-09-10,2015-09-11,-0.002005563822216505
2015-09-11,2015-09-14,-0.0001944768572539335
2015-09-14,2015-09-15,-0.004603514231991235
2015-09-15,2015-09-16,0.009575299635226742
2015-09-16,2015-09-17,0.0006452029163170891
2015-09-17,2015-09-18,0.004126636146753571
2015-09-18,2015-09-21,-0.0043023181146856215
2015-09-21,2015-09-22,-0.009673674706565105
2015-09-22,2015-09-23,-0.007358687158114163
2015-09-23,2015-09-24,0.0007216427212490828
2015-09-24,2015-09-25,-0.005375639176609437
2015-09-25,2015-09-28,0.002372791985235878
2015-09-28,2015-09-29,-0.002630194634402949
2015-09-29,2015-09-30,-0.003428270042194037
2015-09-30,2015-10-01,0.003043133103995732
2015-10-01,2015-10-02,0.0035615354174911573
2015-10-02,2015-10-05,-0.0033517350157729053
2015-10-05,2015-10-06,0.004088361358391079
2015-10-06,2015-10-07,0.005779207985814772
2015-10-07,2015-10-08,6.52954619653201e-05
2015-10-08,2015-10-09,-6.529119874643108e-05
2015-10-09,2015-10-13,-0.0047665687234738074
2015-10-13,2015-10-14,0.013318462144075616
2015-10-14,2015-10-15,0.0019423761735191114
2015-10-15,2015-10-16,-0.0021970920840065356
2015-10-16,2015-10-19,0.0019428793471925054
2015-10-19,2015-10-20,-6.46370628918369e-05
2015-10-20,2015-10-21,-0.0004524886877828038
2015-10-21,2015-10-22,-0.004138912242126369
2015-10-22,2015-10-23,-0.003831417624521105
2015-10-23,2015-10-26,0.001368970013037707
2015-10-26,2015-10-27,-0.003189896491113897
2015-10-27,2015-10-28,0.00045715778474408886
2015-10-28,2015-10-29,-0.0015014034858672476
2015-10-29,2015-10-30,0.00974110878661083
2015-10-30,2015-11-02,-0.0011006798316607336
2015-11-02,2015-11-03,-0.0015556131708581722
2015-11-03,2015-11-04,-0.0017527914827316637
2015-11-04,2015-11-05,-0.009169538921766307
2015-11-05,2015-11-06,-0.010829614071934834
2015-11-06,2015-11-09,0.003516687678322583
2015-11-09,2015-11-10,-0.0009256810367628265
2015-11-10,2015-11-12,0.006353408338848565
2015-11-12,2015-11-13,0.00013152702880447897
2015-11-13,2015-11-16,-0.0002630194634403171
2015-11-16,2015-11-17,0.0006577216521967966
2015-11-17,2015-11-18,-0.0002629157355068523
2015-11-18,2015-11-19,0.007692307692307665
2015-11-19,2015-11-20,-0.008351275526848001
2015-11-20,2015-11-23,-0.0048687413645635
2015-11-23,2015-11-24,-0.004495867768595008
2015-11-24,2015-11-25,0.0034535432024971335
2015-11-25,2015-11-27,-0.004566814481434811
2015-11-27,2015-11-30,0.00026595744680846245
2015-11-30,2015-12-01,0.001994150491890556
2015-12-01,2015-12-02,-0.009751890672681562
2015-12-02,2015-12-03,0.01078582434514641
2015-12-03,2015-12-04,0.0007953340402970799
2015-12-04,2015-12-07,-0.0015894039735099286
2015-12-07,2015-12-08,-0.005041124966834731
2015-12-08,2015-12-09,0.011199999999999877
2015-12-09,2015-12-10,0.0005274261603376296
2015-12-10,2015-12-11,0.0024380600948867848
2015-12-11,2015-12-14,-0.005455860119634615
2015-12-14,2015-12-15,-0.005684071381361511
2015-12-15,2015-12-16,-0.002060622174953397
2015-12-16,2015-12-17,-0.009125424631985624
2015-12-17,2015-12-18,0.0025544501210001958
2015-12-18,2015-12-21,-0.000536408743462613
2015-12-21,2015-12-22,-0.006373272507714911
2015-12-22,2015-12-23,0.0035109040577947503
2015-12-23,2015-12-24,0.005382493440086122
2015-12-24,2015-12-28,-0.004015257980325204
2015-12-28,2015-12-29,-0.005979977155143423
2015-12-29,2015-12-30,0.002568608895498148
2015-12-30,2015-12-31,-0.0057982740021576
2015-12-31,2016-01-04,-0.00406890004068905
2016-01-04,2016-01-05,-0.0014980253302464552
2016-01-05,2016-01-06,-0.0025913802509547335
2016-01-06,2016-01-07,-0.003213455490222894
2016-01-07,2016-01-08,-0.003841141367720735
2016-01-08,2016-01-11,0.0028231081732423835
2016-01-11,2016-01-12,-0.011054655314474027
2016-01-12,2016-01-13,0.004651808650975697
2016-01-13,2016-01-14,-0.004215618521078102
2016-01-14,2016-01-15,-0.008328128253175082
2016-01-15,2016-01-19,-0.008258100636853505
2016-01-19,2016-01-20,-0.0002822666008044372
2016-01-20,2016-01-21,0.002188183807439792
2016-01-21,2016-01-22,0.007747570080293142
2016-01-22,2016-01-25,-0.0044031311154598685
2016-01-25,2016-01-26,0.006809406809406671
2016-01-26,2016-01-27,-0.00564774787337885
2016-01-27,2016-01-28,0.0063109178879461325
2016-01-28,2016-01-29,-0.011636819733816361
2016-01-29,2016-02-01,0.01290186125211501
2016-02-01,2016-02-02,0.002227326512145744
2016-02-02,2016-02-03,0.012292520313910815
2016-02-03,2016-02-04,0.00027442371020858225
2016-02-04,2016-02-05,-0.007681755829903936
2016-02-05,2016-02-08,-0.0036632568426873124
2016-02-08,2016-02-09,0.0040235865417967975
2016-02-09,2016-02-10,0.0
2016-02-10,2016-02-11,-0.0017273543840253813
2016-02-11,2016-02-12,0.0008305647840529673
2016-02-12,2016-02-16,-0.011756569847856113
2016-02-16,2016-02-17,0.0018894331700489708
2016-02-17,2016-02-18,0.0011175525598938751
2016-02-18,2016-02-19,0.0006976906439684072
2016-02-19,2016-02-22,-0.012967998326709806
2016-02-22,2016-02-23,-0.008264462809917439
2016-02-23,2016-02-24,-0.007692307692307665
2016-02-24,2016-02-25,0.00035888601780076357
2016-02-25,2016-02-26,-0.0050226017076845375
2016-02-26,2016-02-29,0.004254705415735138
2016-02-29,2016-03-01,0.0015797788309637184
2016-03-01,2016-03-02,0.007958130197877722
2016-03-02,2016-03-03,0.006614979728287951
2016-03-03,2016-03-04,0.005228942905596501
2016-03-04,2016-03-07,0.002108814846056406
2016-03-07,2016-03-08,-0.002174523007856255
2016-03-08,2016-03-09,0.0007732864674867557
2016-03-09,2016-03-10,0.004917111548187858
2016-03-10,2016-03-11,0.00838808891374243
2016-03-11,2016-03-14,-0.007070567031748354
2016-03-14,2016-03-15,-0.011030438425020828
2016-03-15,2016-03-16,-0.004659042778483835
2016-03-16,2016-03-17,0.027659574468085202
2016-03-17,2016-03-18,0.0016563146997929934
2016-03-18,2016-03-21,-0.007716687336364991
2016-03-21,2016-03-22,-0.012845438133592513
2016-03-22,2016-03-23,-0.007455862699584981
2016-03-23,2016-03-24,0.0022677343916093218
2016-03-24,2016-03-25,-0.0008484762780173183
2016-03-25,2016-03-28,0.008421201613473928
2016-03-28,2016-03-29,0.0021754385964911638
2016-03-29,2016-03-30,0.007632518731181426
2016-03-30,2016-03-31,-0.0006254343293955467
2016-03-31,2016-04-01,-0.012307906265210944
2016-04-01,2016-04-04,0.0052802027597858014
2016-04-04,2016-04-05,-0.009104279011135197
2016-04-05,2016-04-06,0.0009187928475509199
2016-04-06,2016-04-07,-0.005648919644118067
2016-04-07,2016-04-08,0.001633290725749248
2016-04-08,2016-04-11,0.009571074087203035
2016-04-11,2016-04-12,0.00028089887640470046
2016-04-12,2016-04-13,-0.0014743049705140399
2016-04-13,2016-04-14,-0.0052731491246571505
2016-04-14,2016-04-15,0.004877014418999126
2016-04-15,2016-04-18,0.004149961313919981
2016-04-18,2016-04-19,0.008405715886802945
2016-04-19,2016-04-20,-0.0014587385384828844
2016-04-20,2016-04-21,-0.0025739130434783153
2016-04-21,2016-04-22,0.003626726182173412
2016-04-22,2016-04-25,0.0070882557331479745
2016-04-25,2016-04-26,0.008211426994203741
2016-04-26,2016-04-27,-0.0039011703511053764
2016-04-27,2016-04-28,0.0018551600934451073
2016-04-28,2016-04-29,0.003017625677251168
2016-04-29,2016-05-02,0.0028034188034187224
2016-05-02,2016-05-03,-0.008386744852038719
2016-05-03,2016-05-04,-0.004675789039400358
2016-05-04,2016-05-05,0.0007599309153714096
2016-05-05,2016-05-06,-0.0032445119425653646
2016-05-06,2016-05-09,-0.0020777062123414902
2016-05-09,2016-05-10,0.0031230480949406836
2016-05-10,2016-05-11,0.001798810017987984
2016-05-11,2016-05-12,-0.001933701657458542
2016-05-12,2016-05-13,-0.005743149737060582
2016-05-13,2016-05-16,0.0029229591481660933
2016-05-16,2016-05-17,0.00513496634515298
2016-05-17,2016-05-18,0.008974801518812692
2016-05-18,2016-05-19,-0.00047895997263081025
2016-05-19,2016-05-20,-0.006503285870755771
2016-05-20,2016-05-23,-0.004754358161648264
2016-05-23,2016-05-24,0.012392689005815694
2016-05-24,2016-05-25,0.004855364836217069
2016-05-25,2016-05-26,-0.001429154757043638
2016-05-26,2016-05-27,-0.0019764192734955666
2016-05-27,2016-05-31,-0.007784758262769587
2016-05-31,2016-06-01,-0.009291121816930481
2016-06-01,2016-06-02,0.0016672455713788725
2016-06-02,2016-06-03,0.00707399958388244
2016-06-03,2016-06-06,-0.0048894704221471574
2016-06-06,2016-06-07,0.007889273356401327
2016-06-07,2016-06-08,-0.0012359241966493073
2016-06-08,2016-06-09,-0.005431046335762302
2016-06-09,2016-06-10,-0.008640353908896281
2016-06-10,2016-06-13,-0.008297308604099829
2016-06-13,2016-06-14,-0.006538704914574867
2016-06-14,2016-06-15,0.0038924274593064023
2016-06-15,2016-06-16,-0.007754670426506904
2016-06-16,2016-06-17,0.014920071047957562
2016-06-17,2016-06-20,0.02821141057052845
2016-06-20,2016-06-21,-0.0013616557734205115
2016-06-21,2016-06-22,0.0009544586855738668
2016-06-22,2016-06-23,0.008037052172728432
2016-06-23,2016-06-24,-0.078445945945946
2016-06-24,2016-06-27,-0.030940684800938367
2016-06-27,2016-06-28,0.005825830369977858
2016-06-28,2016-06-29,0.016247931397622928
2016-06-29,2016-06-30,-0.01983715766099181
2016-06-30,2016-07-01,0.0029451744449477957
2016-07-01,2016-07-05,-0.019576839093441767
2016-07-05,2016-07-06,-0.007679901697258296
2016-07-06,2016-07-07,0.0003869669530220943
2016-07-07,2016-07-08,0.0009283614420547703
2016-07-08,2016-07-11,0.0037100015458340074
2016-07-11,2016-07-12,0.019328507623594726
2016-07-12,2016-07-13,-0.004306111656719791
2016-07-13,2016-07-14,0.011532625189681234
2016-07-14,2016-07-15,-0.010351035103510431
2016-07-15,2016-07-18,0.006442322267697476
2016-07-18,2016-07-19,-0.011747872580766705
2016-07-19,2016-07-20,0.004267316924483788
2016-07-20,2016-07-21,0.0028074967751725577
2016-07-21,2016-07-22,-0.009458232445520687
2016-07-22,2016-07-25,0.002979145978152964
2016-07-25,2016-07-26,0.00022848438690026285
2016-07-26,2016-07-27,-0.0029696185182365165
2016-07-27,2016-07-28,0.004353138842217774
2016-07-28,2016-07-29,0.00904874154056734
2016-07-29,2016-08-01,-0.00459683496608887
2016-08-01,2016-08-02,0.008857597092891245
2016-08-02,2016-08-03,0.0006753714542997447
2016-08-03,2016-08-04,-0.014398200224971847
2016-08-04,2016-08-05,-0.0056303735828958645
2016-08-05,2016-08-08,-0.0020659576096104804
2016-08-08,2016-08-09,-0.0024536114092931216
2016-08-09,2016-08-10,-0.0009223674096847656
2016-08-10,2016-08-11,-0.0029235266964148243
2016-08-11,2016-08-12,-0.002006172839506104
2016-08-12,2016-08-15,-0.004638936137312477
2016-08-15,2016-08-16,0.011263010719279043
2016-08-16,2016-08-17,-0.0005376757047393932
2016-08-17,2016-08-18,0.01037503842606835
2016-08-18,2016-08-19,-0.0065414162926903385
2016-08-19,2016-08-22,0.005512594747722144
2016-08-22,2016-08-23,0.003502626970227851
2016-08-23,2016-08-24,0.0043250625995903125
2016-08-24,2016-08-25,-0.004457540042308916
2016-08-25,2016-08-26,-0.0006830082719891939
2016-08-26,2016-08-29,-0.005999392466585651
2016-08-29,2016-08-30,-0.00038200015279998834
2016-08-30,2016-08-31,0.0034393151941300992
2016-08-31,2016-09-01,0.010968085916672976
2016-09-01,2016-09-02,0.0019588638589618235
2016-09-02,2016-09-06,0.009775171065493637
2016-09-06,2016-09-07,-0.006701913768709433
2016-09-07,2016-09-08,-0.0028487892645625568
2016-09-08,2016-09-09,-0.0033080219532365396
2016-09-09,2016-09-12,0.00422418345025255
2016-09-12,2016-09-13,-0.00968977690978734
2016-09-13,2016-09-14,0.0015169902912621769
2016-09-14,2016-09-15,0.0008330808845802284
2016-09-15,2016-09-16,-0.009458948164964065
2016-09-16,2016-09-19,-0.0029793735676089117
2016-09-19,2016-09-20,-0.005899931039766937
2016-09-20,2016-09-21,0.00030830892554334355
2016-09-21,2016-09-22,0.008784096162736788
2016-09-22,2016-09-23,-0.010158875649251331
2016-09-23,2016-09-26,0.001466162512539615
2016-09-26,2016-09-27,0.0020804438280166426
2016-09-27,2016-09-28,-0.0006920415224912491
2016-09-28,2016-09-29,-0.00038473376423531214
2016-09-29,2016-09-30,0.0018474328381188343
2016-09-30,2016-10-03,-0.013446023818670771
2016-10-03,2016-10-04,-0.007320872274143353
2016-10-04,2016-10-05,-7.845598619171668e-05
2016-10-05,2016-10-06,-0.00768928991761475
2016-10-06,2016-10-07,-0.016841938799715295
2016-10-07,2016-10-11,-0.01737172269583409
2016-10-11,2016-10-12,-0.0018824684891144416
2016-10-12,2016-10-13,0.0004920049200491938
2016-10-13,2016-10-14,-0.0009835259404965546
2016-10-14,2016-10-17,-0.0002461235540243134
2016-10-17,2016-10-18,0.0101756113572955
2016-10-18,2016-10-19,-0.0025182778229082547
2016-10-19,2016-10-20,-0.0018731167033145812
2016-10-20,2016-10-21,-0.0037532637075717856
2016-10-21,2016-10-24,-0.0004914004914006176
2016-10-24,2016-10-25,-0.0032776138970829205
2016-10-25,2016-10-26,0.00575468595856643
2016-10-26,2016-10-27,-0.004986104299493199
2016-10-27,2016-10-28,-0.0014786823297461282
2016-10-28,2016-10-31,0.004689428218840108
2016-10-31,2016-11-01,0.0004913200131018147
2016-11-01,2016-11-02,0.007939106236700022
2016-11-02,2016-11-03,0.011287048315062886
2016-11-03,2016-11-04,0.007387184840211836
2016-11-04,2016-11-07,-0.011398055157022191
2016-11-07,2016-11-08,-0.0024993953075868047
2016-11-08,2016-11-09,0.008244422890397729
2016-11-09,2016-11-10,0.003928170594837077
2016-11-10,2016-11-14,-0.004312065798930065
2016-11-14,2016-11-15,-0.0037693479829977727
2016-11-15,2016-11-16,0.002254065367895741
2016-11-16,2016-11-17,0.0
2016-11-17,2016-11-18,-0.009879518072289262
2016-11-18,2016-11-21,0.01192504258943794
2016-11-21,2016-11-22,-0.00400833734167072
2016-11-22,2016-11-23,0.0027366387636833522
2016-11-23,2016-11-25,0.0003210788248515506
2016-11-25,2016-11-28,-0.0040924410207028306
2016-11-28,2016-11-29,0.0075739263556520164
2016-11-29,2016-11-30,-0.0019192323070771344
2016-11-30,2016-12-01,0.009214005288037841
2016-12-01,2016-12-02,0.007065735154017094
2016-12-02,2016-12-05,0.0018131651556956285
2016-12-05,2016-12-06,-0.00015738117721120215
2016-12-06,2016-12-07,-0.008027703447190282
2016-12-07,2016-12-08,-0.0023801967629323295
2016-12-08,2016-12-09,0.0012724669953871892
2016-12-09,2016-12-12,0.006910246227164629
2016-12-12,2016-12-13,0.0006310641318922894
2016-12-13,2016-12-14,0.0016554986204178057
2016-12-14,2016-12-15,-0.02494884306626799
2016-12-15,2016-12-16,0.007183792073613748
2016-12-16,2016-12-19,-0.004728321846449779
2016-12-19,2016-12-20,-0.004911828649649674
2016-12-20,2016-12-21,-0.0008091924259590044
2016-12-21,2016-12-22,-0.00380628441852926
2016-12-22,2016-12-23,-0.0039834159824403415
2016-12-23,2016-12-27,0.0007345739471105173
2016-12-27,2016-12-28,-0.0031808172253486866
2016-12-28,2016-12-29,0.001227295041728027
2016-12-29,2016-12-30,0.008171937566396892
2016-12-30,2017-01-03,-0.0065656156277863476
2017-01-03,2017-01-04,0.0035084856396867536
2017-01-04,2017-01-05,0.009431661110659517
2017-01-05,2017-01-06,-0.008135320177204974
2017-01-06,2017-01-09,-0.011937631963618744
2017-01-09,2017-01-10,-0.00016437905810795517
2017-01-10,2017-01-11,-0.0038635429510891495
2017-01-11,2017-01-12,0.0076745337514441125
2017-01-12,2017-01-13,-0.0010646138727377075
2017-01-13,2017-01-17,0.015576323987538832
2017-01-17,2017-01-18,-0.006377139166935608
2017-01-18,2017-01-19,0.0008124136810463423
2017-01-19,2017-01-23,0.0134751197337446
2017-01-23,2017-01-24,0.0036844213055668984
2017-01-24,2017-01-25,0.007102386082515233
2017-01-25,2017-01-26,-0.003248811410459629
2017-01-26,2017-01-27,-0.003815883615549631
2017-01-27,2017-01-30,-0.004229510813183346
2017-01-30,2017-01-31,0.008575092162205422
2017-01-31,2017-02-01,0.004608661104489542
2017-02-01,2017-02-02,-0.00806770544965596
2017-02-02,2017-02-03,-0.0029503229407543685
2017-02-03,2017-02-06,-0.00431861804222633
2017-02-06,2017-02-07,0.0028915662650601526
2017-02-07,2017-02-08,0.004565112926477655
2017-02-08,2017-02-09,-0.0021525950729489596
2017-02-09,2017-02-10,-0.0011185682326622093
2017-02-10,2017-02-13,0.0006398976163812797
2017-02-13,2017-02-14,-0.003597122302158251
2017-02-14,2017-02-15,0.0
2017-02-15,2017-02-16,0.0009626955475332544
2017-02-16,2017-02-17,-0.0039272260960168115
2017-02-17,2017-02-21,0.002977148374637917
2017-02-21,2017-02-22,-0.0007220216606497187
2017-02-22,2017-02-23,0.0073859987154782925
2017-02-23,2017-02-24,-0.003905004781638466
2017-02-24,2017-02-27,-0.0020801664133129893
2017-02-27,2017-02-28,-0.0036879660065742836
2017-02-28,2017-03-01,-0.008771223947855455
2017-03-01,2017-03-02,-0.004140282513395155
2017-03-02,2017-03-03,-0.0014673514306674518
2017-03-03,2017-03-06,-0.0004898359049719803
2017-03-06,2017-03-07,-0.0027770971167195846
2017-03-07,2017-03-08,-0.004668687034155128
2017-03-08,2017-03-09,0.0011520737327188613
2017-03-09,2017-03-10,-0.0006575702778233161
2017-03-10,2017-03-13,0.0062510281296266346
2017-03-13,2017-03-14,-0.0053948013732221245
2017-03-14,2017-03-15,0.004437869822485174
2017-03-15,2017-03-16,0.012109311078383422
2017-03-16,2017-03-17,0.00016168148746964484
2017-03-17,2017-03-20,-0.0005657937277725456
2017-03-20,2017-03-21,0.009219571370804758
2017-03-21,2017-03-22,-0.0002404038785158713
2017-03-22,2017-03-23,0.0040076947739660085
2017-03-23,2017-03-24,-0.0027941880887751847
2017-03-24,2017-03-27,0.007365303018173064
2017-03-27,2017-03-28,-0.0063577843121672695
2017-03-28,2017-03-29,-0.007358234023834176
2017-03-29,2017-03-30,0.006284747401498425
2017-03-30,2017-03-31,0.003843382176315302
2017-03-31,2017-04-03,-0.004626306133843849
2017-04-03,2017-04-04,-0.0033656542992226424
2017-04-04,2017-04-05,0.0041006673635120006
2017-04-05,2017-04-06,-0.00016015374759770218
2017-04-06,2017-04-07,-0.007047893640877767
2017-04-07,2017-04-10,0.0016131634134537443
2017-04-10,2017-04-11,0.005314865517796807
2017-04-11,2017-04-12,0.00128164049983992
2017-04-12,2017-04-13,0.0017599999999999838
2017-04-13,2017-04-14,0.0007187350263537784
2017-04-14,2017-04-17,0.004468917085627577
2017-04-17,2017-04-18,0.014459362834670753
2017-04-18,2017-04-19,0.0015662933667475176
2017-04-19,2017-04-20,0.0032058800531706844
2017-04-20,2017-04-21,-0.003663289166017103
2017-04-21,2017-04-24,0.0
2017-04-24,2017-04-25,0.004146131581006074
2017-04-25,2017-04-26,0.00015581177937051827
2017-04-26,2017-04-27,0.00397258139897172
2017-04-27,2017-04-28,0.0038016913647296313
2017-04-28,2017-05-01,-0.001623125676302406
2017-05-01,2017-05-02,0.00030966942788568375
2017-05-02,2017-05-03,-0.0003869669530222053
2017-05-03,2017-05-04,-0.0004645401052958409
2017-05-04,2017-05-05,0.0030983733539891034
2017-05-05,2017-05-08,-0.0006177606177605321
2017-05-08,2017-05-09,-0.00023180343069073572
2017-05-09,2017-05-10,0.0
2017-05-10,2017-05-11,-0.004173429167632747
2017-05-11,2017-05-12,-0.00038804811796655514
2017-05-12,2017-05-15,0.002872670807453348
2017-05-15,2017-05-16,-0.0003870867848573267
2017-05-16,2017-05-17,0.0024783147459728205
2017-05-17,2017-05-18,0.00502163164400482
2017-05-18,2017-05-19,0.000691828733953459
2017-05-19,2017-05-22,-0.0009218005838070864
2017-05-22,2017-05-23,-0.0016915269875441563
2017-05-23,2017-05-24,-0.0037738755391250045
2017-05-24,2017-05-25,0.001468882875917954
2017-05-25,2017-05-26,-0.012274201018990238
2017-05-26,2017-05-30,0.0049237983587338
2017-05-30,2017-05-31,0.0036553118680975327
2017-05-31,2017-06-01,-0.0008523827973652143
2017-06-01,2017-06-02,-0.0006979990693346538
2017-06-02,2017-06-05,0.00248350795498653
2017-06-05,2017-06-06,-0.001238677711542957
2017-06-06,2017-06-07,0.0031005348422603607
2017-06-07,2017-06-08,-0.0001545475620121639
2017-06-08,2017-06-09,-0.015611716515959495
2017-06-09,2017-06-12,-0.006202402449556388
2017-06-12,2017-06-13,0.006399115184073212
2017-06-13,2017-06-14,0.0054164377109662265
2017-06-14,2017-06-15,-0.0031230480949406836
2017-06-15,2017-06-16,0.0007832080200502745
2017-06-16,2017-06-19,-0.002739082798560055
2017-06-19,2017-06-20,-0.009024562504904687
2017-06-20,2017-06-21,0.003088375039594471
2017-06-21,2017-06-22,-0.0006315623273071003
2017-06-22,2017-06-23,0.005371672327987964
2017-06-23,2017-06-26,0.00039286556140494255
2017-06-26,2017-06-27,0.004633993088281274
2017-06-27,2017-06-28,0.011336095692283887
2017-06-28,2017-06-29,0.0037105751391464104
2017-06-29,2017-06-30,0.0008471965495995271
2017-06-30,2017-07-03,-0.003385917660638893
2017-07-03,2017-07-05,-0.001312639950582839
2017-07-05,2017-07-06,0.0025514148755216848
2017-07-06,2017-07-07,-0.006709339091540034
2017-07-07,2017-07-10,0.00031055900621113075
2017-07-10,2017-07-11,-0.002561316361378463
2017-07-11,2017-07-12,0.0029569683293129145
2017-07-12,2017-07-13,0.0024827372177826934
2017-07-13,2017-07-14,0.012228155715501954
2017-07-14,2017-07-17,-0.0016056273415399058
2017-07-17,2017-07-18,-0.0024506049931077856
2017-07-18,2017-07-19,0.000767695378473876
2017-07-19,2017-07-20,-0.004602638846271878
2017-07-20,2017-07-21,-0.0006165228113441668
2017-07-21,2017-07-24,0.004626773596545286
2017-07-24,2017-07-25,0.0013816395455941155
2017-07-25,2017-07-26,0.000153303694619078
2017-07-26,2017-07-27,0.001302881667688549
2017-07-27,2017-07-28,0.00451588212782239
2017-07-28,2017-07-31,0.005486132276744993
2017-07-31,2017-08-01,0.0007578053955743513
2017-08-01,2017-08-02,0.002271694684234493
2017-08-02,2017-08-03,-0.006950740404956246
2017-08-03,2017-08-04,-0.008216676810712031
2017-08-04,2017-08-07,-0.001150659711568025
2017-08-07,2017-08-08,-0.004070347899546967
2017-08-08,2017-08-09,0.0022362739049970326
2017-08-09,2017-08-10,-0.0014618758174963498
2017-08-10,2017-08-11,0.0007705347511171023
2017-08-11,2017-08-14,-0.001000923929781239
2017-08-14,2017-08-15,-0.008709055876686023
2017-08-15,2017-08-16,-0.00015549681231530332
2017-08-16,2017-08-17,0.002177293934681135
2017-08-17,2017-08-18,-0.0031812538795779055
2017-08-18,2017-08-21,0.004358994317739562
2017-08-21,2017-08-22,-0.005347593582887611
2017-08-22,2017-08-23,-0.0036621474209133087
2017-08-23,2017-08-24,0.0011730663955580312
2017-08-24,2017-08-25,0.005546008436182026
2017-08-25,2017-08-28,0.004194826380796934
2017-08-28,2017-08-29,0.0007735746886363692
2017-08-29,2017-08-30,-0.0002318930200200242
2017-08-30,2017-08-31,-0.003556517705273099
2017-08-31,2017-09-01,0.0065176908752326845
2017-09-01,2017-09-05,0.003160653715695405
2017-09-05,2017-09-06,0.00461077384154307
2017-09-06,2017-09-07,0.0016063642622199392
2017-09-07,2017-09-08,0.008935390255078612
2017-09-08,2017-09-11,-0.002876390886382585
2017-09-11,2017-09-12,0.008122675168906301
2017-09-12,2017-09-13,-0.004668674698795172
2017-09-13,2017-09-14,0.013617793917385379
2017-09-14,2017-09-15,0.01343484102104786
2017-09-15,2017-09-18,-0.006849315068493067
2017-09-18,2017-09-19,0.00237300704486465
2017-09-19,2017-09-20,0.0034771029074500692
2017-09-20,2017-09-21,0.0008846947803007321
2017-09-21,2017-09-22,-0.003314672952268727
2017-09-22,2017-09-25,-0.005468923213362009
2017-09-25,2017-09-26,-0.0026008768670578997
2017-09-26,2017-09-27,-0.0015645954403218365
2017-09-27,2017-09-28,0.0025371240952165586
2017-09-28,2017-09-29,-0.002456270934127147
2017-09-29,2017-10-02,-0.0099985076854201
2017-10-02,2017-10-03,-0.0012812782634911146
2017-10-03,2017-10-04,0.001282922043619461
2017-10-04,2017-10-05,-0.010250226107928917
2017-10-05,2017-10-06,-0.005254340542186986
2017-10-06,2017-10-10,0.011635918242363763
2017-10-10,2017-10-11,-0.0003783579265985715
2017-10-11,2017-10-12,-0.002725208175624605
2017-10-12,2017-10-13,0.009867921663883505
2017-10-13,2017-10-16,-0.0014281419122068595
2017-10-16,2017-10-17,-0.007753105005645411
2017-10-17,2017-10-18,7.586102260659366e-05
2017-10-18,2017-10-19,-0.00015171053629670084
2017-10-19,2017-10-20,-0.0001517335558758326
2017-10-20,2017-10-23,0.0016693224068593526
2017-10-23,2017-10-24,-0.005832891447617672
2017-10-24,2017-10-25,0.009753124047546358
2017-10-25,2017-10-26,-0.005357681859341934
2017-10-26,2017-10-27,-0.005538274789469777
2017-10-27,2017-10-30,0.006637168141592875
2017-10-30,2017-10-31,0.006517620310723782
2017-10-31,2017-11-01,-0.0018070928393946195
2017-11-01,2017-11-02,-0.014256619144602967
2017-11-02,2017-11-03,-7.652280379555343e-05
2017-11-03,2017-11-06,0.005969235478686885
2017-11-06,2017-11-07,0.0005325218714340441
2017-11-07,2017-11-08,-0.0033454987834549144
2017-11-08,2017-11-09,0.0019072322245956563
2017-11-09,2017-11-13,-0.0024366100662451817
2017-11-13,2017-11-14,0.0020609113808105484
2017-11-14,2017-11-15,0.0028184034125533497
2017-11-15,2017-11-16,0.0024306874287884916
2017-11-16,2017-11-17,0.0018943699325604246
2017-11-17,2017-11-20,0.0014369989411586737
2017-11-20,2017-11-21,-0.0006797069707726866
2017-11-21,2017-11-22,0.004458887545344625
2017-11-22,2017-11-24,0.003385749755473677
2017-11-24,2017-11-27,-0.00022495500899821774
2017-11-27,2017-11-28,-0.007650191254781391
2017-11-28,2017-11-29,0.015493915803794112
2017-11-29,2017-11-30,0.005209883894016221
2017-11-30,2017-12-01,-7.404116688880524e-05
2017-12-01,2017-12-04,-0.0029618659755645815
2017-12-04,2017-12-05,-0.0011139992573339086
2017-12-05,2017-12-06,-0.005055762081784376
2017-12-06,2017-12-07,0.003736362277686256
2017-12-07,2017-12-08,-0.004839189994044091
2017-12-08,2017-12-11,-0.00029924440787010287
2017-12-11,2017-12-12,-0.0029933398189029292
2017-12-12,2017-12-13,0.003152443143436212
2017-12-13,2017-12-14,0.0056116722783390305
2017-12-14,2017-12-15,-0.009226190476190665
2017-12-15,2017-12-18,0.006158005407029377
2017-12-18,2017-12-19,-0.0031347962382446415
2017-12-19,2017-12-20,0.003893381251871997
2017-12-20,2017-12-21,-0.002684964200477369
2017-12-21,2017-12-22,0.0005234819024828585
2017-12-22,2017-12-26,-0.0007474400179386942
2017-12-26,2017-12-27,0.0025431969481637395
2017-12-27,2017-12-28,0.003506677609490305
2017-12-28,2017-12-29,0.005873605947955385
2017-12-29,2018-01-02,0.004952324635967065
2018-01-02,2018-01-03,-0.0054427772874373614
2018-01-03,2018-01-04,0.0012572104718238108
2018-01-04,2018-01-05,0.001698796070610742
2018-01-05,2018-01-08,0.0002949417490045736
2018-01-08,2018-01-09,-0.0035382574082265528
2018-01-09,2018-01-10,-0.0003698772007693085
2018-01-10,2018-01-11,0.0022200843632058653
2018-01-11,2018-01-12,0.010780476999187716
2018-01-12,2018-01-16,0.006209365183724058
2018-01-16,2018-01-17,0.003630027588209739
2018-01-17,2018-01-18,0.00470196759259256
2018-01-18,2018-01-19,-0.002303981568147484
2018-01-19,2018-01-22,0.006278415241394386
2018-01-22,2018-01-23,0.0017211703958690538
2018-01-23,2018-01-24,0.016466208476517696
2018-01-24,2018-01-25,0.004648542048175663
2018-01-25,2018-01-26,-0.00595905776780703
2018-01-26,2018-01-29,-0.00966217645814238
2018-01-29,2018-01-30,0.005839623985187448
2018-01-30,2018-01-31,0.004672897196261738
2018-01-31,2018-02-01,0.004016913319238924
2018-02-01,2018-02-02,-0.008493016073559345
2018-02-02,2018-02-05,-0.007362310632875735
2018-02-05,2018-02-06,-0.005063471687348331
2018-02-06,2018-02-07,-0.005017561465127995
2018-02-07,2018-02-08,0.0024493912542324914
2018-02-08,2018-02-09,-0.008695652173912993
2018-02-09,2018-02-12,0.0018848774829636206
2018-02-12,2018-02-13,0.0052098408104197524
2018-02-13,2018-02-14,0.004534984163547362
2018-02-14,2018-02-15,0.007595843783590128
2018-02-15,2018-02-16,-0.00042671218263279354
2018-02-16,2018-02-20,-0.0024190679473496957
2018-02-20,2018-02-21,-0.005349119178375217
2018-02-21,2018-02-22,-0.0005019360390077221
2018-02-22,2018-02-23,0.0028696463160915453
2018-02-23,2018-02-26,-0.001931468631518607
2018-02-26,2018-02-27,-0.003297018348623837
2018-02-27,2018-02-28,-0.008054077376671964
2018-02-28,2018-03-01,-0.002827316224445431
2018-03-01,2018-03-02,0.0010178117048347257
2018-03-02,2018-03-05,0.006318541651536114
2018-03-05,2018-03-06,0.002165127020785196
2018-03-06,2018-03-07,0.0001440299582313731
2018-03-07,2018-03-08,-0.004608294930875556
2018-03-08,2018-03-09,0.0028211805555555802
2018-03-09,2018-03-12,0.002524706052080994
2018-03-12,2018-03-13,0.006403799107785435
2018-03-13,2018-03-14,-0.0029312933438192523
2018-03-14,2018-03-15,0.0003585257421483412
2018-03-15,2018-03-16,-0.0022937423840585502
2018-03-16,2018-03-19,0.008118399310295343
2018-03-19,2018-03-20,-0.0013540478905359477
2018-03-20,2018-03-21,0.0036394776279169427
2018-03-21,2018-03-22,0.002417519908987309
2018-03-22,2018-03-23,0.00375939849624074
2018-03-23,2018-03-26,0.006006642640095983
2018-03-26,2018-03-27,-0.005268333801629721
2018-03-27,2018-03-28,-0.0036014405762304635
2018-03-28,2018-03-29,-0.005740609496810767
2018-03-29,2018-03-30,-0.00014256183619643092
2018-03-30,2018-04-02,0.0003564554074284576
2018-04-02,2018-04-03,0.0025655644241733278
2018-04-03,2018-04-04,0.0005686664771111793
2018-04-04,2018-04-05,-0.006038647342995085
2018-04-05,2018-04-06,0.00693302837538412
2018-04-06,2018-04-09,0.0034071550255536653
2018-04-09,2018-04-10,0.0017685342388227276
2018-04-10,2018-04-11,0.0023303439022668293
2018-04-11,2018-04-12,0.003522615189516687
2018-04-12,2018-04-13,0.0007722549845547988
2018-04-13,2018-04-16,0.005401613468958288
2018-04-16,2018-04-17,-0.0021629919062239322
2018-04-17,2018-04-18,-0.005174463324242984
2018-04-18,2018-04-19,-0.0023898221691150967
2018-04-19,2018-04-20,-0.01127316282674562
2018-04-20,2018-04-23,-0.005700848001140124
2018-04-23,2018-04-24,0.001576721851931362
2018-04-24,2018-04-25,-0.002432915921288026
2018-04-25,2018-04-26,-0.001004232121081583
2018-04-26,2018-04-27,-0.010196022115315562
2018-04-27,2018-04-30,-0.0024664490388103255
2018-04-30,2018-05-01,-0.010181077739800704
2018-05-01,2018-05-02,-7.34699875101219e-05
2018-05-02,2018-05-03,-0.0030124908155767516
2018-05-03,2018-05-04,-0.0025057115483824166
2018-05-04,2018-05-07,0.0023642408570374585
2018-05-07,2018-05-08,-0.0033905800840273725
2018-05-08,2018-05-09,0.0034021152281635825
2018-05-09,2018-05-10,-0.005896661015699856
2018-05-10,2018-05-11,0.004597019351968656
2018-05-11,2018-05-14,0.0033950845080816805
2018-05-14,2018-05-15,-0.006105185730047813
2018-05-15,2018-05-16,-0.002516281823564115
2018-05-16,2018-05-17,0.0021516545481525817
2018-05-17,2018-05-18,-0.0022951062412083223
2018-05-18,2018-05-21,-0.004303947758978799
2018-05-21,2018-05-22,0.0020122223878371592
2018-05-22,2018-05-23,-0.007735217552993667
2018-05-23,2018-05-24,0.003223146690652934
2018-05-24,2018-05-25,-0.004707112970711247
2018-05-25,2018-05-29,-0.004729374671571196
2018-05-29,2018-05-30,0.0028661939960776817
2018-05-30,2018-05-31,-0.0005264741275571305
2018-05-31,2018-06-01,0.005192264278726766
2018-06-01,2018-06-04,-0.0032939062733943203
2018-06-04,2018-06-05,0.0034550097641581345
2018-06-05,2018-06-06,0.005164670658682535
2018-06-06,2018-06-07,-0.00014893141708238744
2018-06-07,2018-06-08,-0.0015640128100097295
2018-06-08,2018-06-11,-0.0014918693122482063
2018-06-11,2018-06-12,0.0022411474675032572
2018-06-12,2018-06-13,-0.0028324388789503496
2018-06-13,2018-06-14,-0.003363731499476885
2018-06-14,2018-06-15,-0.0037500937523436972
2018-06-15,2018-06-18,-0.002710231122487472
2018-06-18,2018-06-19,-0.005661659243602402
2018-06-19,2018-06-20,0.0031126632250226827
2018-06-20,2018-06-21,0.0028759554983728286
2018-06-21,2018-06-22,0.0005282620179609676
2018-06-22,2018-06-25,0.0011313923668727632
2018-06-25,2018-06-26,-0.0022602275295712237
2018-06-26,2018-06-27,-0.00785320546703916
2018-06-27,2018-06-28,-0.0033488088895653467
2018-06-28,2018-06-29,0.007789232531500545
2018-06-29,2018-07-02,-0.004849587027354829
2018-07-02,2018-07-03,0.003121906647376882
2018-07-03,2018-07-05,0.004098982844997767
2018-07-05,2018-07-06,0.0025703054127608205
2018-07-06,2018-07-09,-0.004524204494043116
2018-07-09,2018-07-10,0.004847750340857493
2018-07-10,2018-07-11,-0.0018845168098898801
2018-07-11,2018-07-12,-0.0002265689902575252
2018-07-12,2018-07-13,-0.0016618824595859838
2018-07-13,2018-07-16,0.0015133171912833365
2018-07-16,2018-07-17,-0.005666364460562123
2018-07-17,2018-07-18,-0.00843400957374063
2018-07-18,2018-07-19,-0.004827586206896495
2018-07-19,2018-07-20,0.009779009779009806
2018-07-20,2018-07-23,-0.0006862894616439519
2018-07-23,2018-07-24,0.0022892025944294403
2018-07-24,2018-07-25,0.0011419870574800317
2018-07-25,2018-07-26,-0.002357414448669104
2018-07-26,2018-07-27,-7.622532205198151e-05
2018-07-27,2018-07-30,0.0016770849214819972
2018-07-30,2018-07-31,-0.0011415525114155667
2018-07-31,2018-08-01,-0.0003809523809523707
2018-08-01,2018-08-02,-0.006478658536585358
2018-08-02,2018-08-03,-0.001074031453778379
2018-08-03,2018-08-06,-0.005683127255971199
2018-08-06,2018-08-07,0.0007723797018615031
2018-08-07,2018-08-08,-0.005942733657482435
2018-08-08,2018-08-09,-0.0007763975155280489
2018-08-09,2018-08-10,-0.00784770784770783
2018-08-10,2018-08-13,-0.0009397760200484662
2018-08-13,2018-08-14,-0.0014893783804970084
2018-08-14,2018-08-15,-0.004160778772177798
2018-08-15,2018-08-16,0.0029168309026410544
2018-08-16,2018-08-17,0.0010218519100770873
2018-08-17,2018-08-20,0.002355712603062443
2018-08-20,2018-08-21,0.007442224833529298
2018-08-21,2018-08-22,0.0038880248833592645
2018-08-22,2018-08-23,-0.006196746707978318
2018-08-23,2018-08-24,0.0021823850350741747
2018-08-24,2018-08-27,0.0025664955669622014
2018-08-27,2018-08-28,-0.0003878675044604041
2018-08-28,2018-08-29,0.009312432096849399
2018-08-29,2018-08-30,-0.0006919883130861448
2018-08-30,2018-08-31,-0.002539047472493672
2018-08-31,2018-09-04,-0.010104905893242755
2018-09-04,2018-09-05,0.00545468713473074
2018-09-05,2018-09-06,0.0023250406882120433
2018-09-06,2018-09-07,7.73215804532601e-05
2018-09-07,2018-09-10,0.007113035410545754
2018-09-10,2018-09-11,-0.0008444649163210638
2018-09-11,2018-09-12,0.001075681905493564
2018-09-12,2018-09-13,0.00575638959244773
2018-09-13,2018-09-14,-0.0015262515262515208
2018-09-14,2018-09-17,0.004738612045246171
2018-09-17,2018-09-18,0.0009128251939753973
2018-09-18,2018-09-19,0.0003039975680194651
2018-09-19,2018-09-20,0.005698222154687738
2018-09-20,2018-09-21,-0.012842789151620515
2018-09-21,2018-09-24,0.004668248258973051
2018-09-24,2018-09-25,0.002589884216940952
2018-09-25,2018-09-26,0.0015195259079168189
2018-09-26,2018-09-27,-0.00591715976331364
2018-09-27,2018-09-28,-0.003891941391941489
2018-09-28,2018-10-01,-0.0016088255573430965
2018-10-01,2018-10-02,-0.0036832412523020164
2018-10-02,2018-10-03,0.0006931608133085021
2018-10-03,2018-10-04,0.0016162549064882015
2018-10-04,2018-10-05,0.0066851083448595805
2018-10-05,2018-10-09,0.0029005419433631996
2018-10-09,2018-10-10,0.005099322627292846
2018-10-10,2018-10-11,-0.0009844010298349914
2018-10-11,2018-10-12,-0.002956113090275103
2018-10-12,2018-10-15,0.001064315037251129
2018-10-15,2018-10-16,0.0031895504252734685
2018-10-16,2018-10-17,-0.005526116578349671
2018-10-17,2018-10-18,-0.005785186876760329
2018-10-18,2018-10-19,-0.0012250210550494023
2018-10-19,2018-10-22,-0.005442698351858843
2018-10-22,2018-10-23,0.0006166178510866871
2018-10-23,2018-10-24,-0.006470497612078185
2018-10-24,2018-10-25,-0.005504729415413356
2018-10-25,2018-10-26,-7.796055196074292e-05
2018-10-26,2018-10-29,-0.0014813659753625252
2018-10-29,2018-10-30,-0.005934254704458519
2018-10-30,2018-10-31,0.0037703244049958062
2018-10-31,2018-11-01,0.015259409969481164
2018-11-01,2018-11-02,-0.000693695082472745
2018-11-02,2018-11-05,0.004242190512919519
2018-11-05,2018-11-06,0.004301075268817289
2018-11-06,2018-11-07,0.005200367084735369
2018-11-07,2018-11-08,-0.002130249543517926
2018-11-08,2018-11-09,-0.01052150045745659
2018-11-09,2018-11-13,0.004083834180921508
2018-11-13,2018-11-14,-0.0015348016268896814
2018-11-14,2018-11-15,-0.02013680731688572
2018-11-15,2018-11-16,0.007059377206055428
2018-11-16,2018-11-19,0.00023366305787053676
2018-11-19,2018-11-20,-0.0025696931942065238
2018-11-20,2018-11-21,-0.0025763135295494566
2018-11-21,2018-11-23,0.00219160926737616
2018-11-23,2018-11-26,0.0003905029678226146
2018-11-26,2018-11-27,-0.006245608556483706
2018-11-27,2018-11-28,0.002906748369864154
2018-11-28,2018-11-29,0.001801660661131077
2018-11-29,2018-11-30,-0.001329267339119533
2018-11-30,2018-12-03,-0.002348888192921894
2018-12-03,2018-12-04,-0.0018050541516245744
2018-12-04,2018-12-06,0.004560106926645213
2018-12-06,2018-12-07,-0.002191437739688662
2018-12-07,2018-12-10,-0.014981567181739708
2018-12-10,2018-12-11,-0.002707437490046205
2018-12-11,2018-12-12,0.010699457042478544
2018-12-12,2018-12-13,-0.0018170327065887282
2018-12-13,2018-12-14,-0.005144440047487264
2018-12-14,2018-12-17,0.0028639618138426304
2018-12-17,2018-12-18,0.0030144375694114434
2018-12-18,2018-12-19,0.0019772223979752646
2018-12-19,2018-12-20,-0.0014997237351014325
2018-12-20,2018-12-21,0.0024505928853755243
2018-12-21,2018-12-26,-0.00039429067108265325
2018-12-26,2018-12-27,-0.0038655727358789527
2018-12-27,2018-12-28,0.005702066999287325
2018-12-28,2018-12-31,0.005039766910780452
2018-12-31,2019-01-02,-0.012927994985504898
2019-01-02,2019-01-03,0.002778218764883267
2019-01-03,2019-01-04,0.008469880471780211
2019-01-04,2019-01-07,0.001334379905808536
2019-01-07,2019-01-08,-0.0025868150819158275
2019-01-08,2019-01-09,0.0031436655139893688
2019-01-09,2019-01-10,0.0003133813851456946
2019-01-10,2019-01-11,0.005325814536341067
2019-01-11,2019-01-15,-0.005842941726394546
2019-01-15,2019-01-16,0.00791474022412042
2019-01-16,2019-01-17,0.006064375680298495
2019-01-17,2019-01-18,-0.0032457496136012454
2019-01-18,2019-01-22,0.00441928981237405
2019-01-22,2019-01-23,0.009185642609031097
2019-01-23,2019-01-24,-0.0035949212176838996
2019-01-24,2019-01-25,0.01143778306594001
2019-01-25,2019-01-28,-0.001366120218579292
2019-01-28,2019-01-29,-0.0009119927040583953
2019-01-29,2019-01-30,-0.006389776357827448
2019-01-30,2019-01-31,0.005588730669116471
2019-01-31,2019-02-01,-0.003121431290445398
2019-02-01,2019-02-04,-0.0019856422789062966
2019-02-04,2019-02-05,-0.0092592592592593
2019-02-05,2019-02-06,0.0006951417316753972
2019-02-06,2019-02-07,0.0007718431614696097
2019-02-07,2019-02-08,-0.002545118000925606
2019-02-08,2019-02-11,-0.005489832212170365
2019-02-11,2019-02-12,0.0019437101539419022
2019-02-12,2019-02-13,-0.0017071467370217697
2019-02-13,2019-02-14,-0.005596579867858442
2019-02-14,2019-02-15,0.005002735871179498
2019-02-15,2019-02-19,0.013922376915299184
2019-02-19,2019-02-21,0.0018410555385086624
2019-02-21,2019-02-22,0.0005359877488513298
2019-02-22,2019-02-25,-0.0006122292798652618
2019-02-25,2019-02-26,0.014779079561987762
2019-02-26,2019-02-27,0.004980380319951738
2019-02-27,2019-02-28,-0.003303799369274829
2019-02-28,2019-03-01,-0.003917432574958468
2019-03-01,2019-03-04,-0.002722734835879592
2019-03-04,2019-03-05,-0.0034127104504777517
2019-03-05,2019-03-06,0.0005326839662125327
2019-03-06,2019-03-07,-0.003118344995436617
2019-03-07,2019-03-08,-0.007400625619897849
2019-03-08,2019-03-11,0.006533435818601108
2019-03-11,2019-03-12,0.00045819014891179677
2019-03-12,2019-03-13,0.009846576597206225
2019-03-13,2019-03-14,0.003854875283446857
2019-03-14,2019-03-15,-0.0002258866049242858
2019-03-15,2019-03-18,-0.004142190088868847
2019-03-18,2019-03-19,0.0030250321409666103
2019-03-19,2019-03-20,-0.005428636055191172
2019-03-20,2019-03-21,-0.008945493139261629
2019-03-21,2019-03-22,0.01116805629924289
2019-03-22,2019-03-25,-0.0012103789999243775
2019-03-25,2019-03-26,0.0009088843444671202
2019-03-26,2019-03-27,-0.0017404464623533844
2019-03-27,2019-03-28,-0.007883565797452974
2019-03-28,2019-03-29,-0.0042787286063570296
2019-03-29,2019-04-01,0.008594229588704705
2019-04-01,2019-04-02,-0.008292757151551977
2019-04-02,2019-04-03,0.011200613732259335
2019-04-03,2019-04-04,-0.008269478795235652
2019-04-04,2019-04-05,-0.004742962056303535
2019-04-05,2019-04-08,0.0029208301306686835
2019-04-08,2019-04-09,0.0
2019-04-09,2019-04-10,0.003985285101165026
2019-04-10,2019-04-11,-0.002442748091603164
2019-04-11,2019-04-12,0.0013774104683195176
2019-04-12,2019-04-15,0.0014519333639002596
2019-04-15,2019-04-16,-0.004273178176268599
2019-04-16,2019-04-17,-0.0009962449229824477
2019-04-17,2019-04-18,-0.002531451365449633
2019-04-18,2019-04-19,0.0
2019-04-19,2019-04-22,-0.001538106590786792
2019-04-22,2019-04-23,-0.0030809520141723556
2019-04-23,2019-04-24,0.0003090473615081635
2019-04-24,2019-04-25,-0.0035529466285625366
2019-04-25,2019-04-26,0.002247887760638667
2019-04-26,2019-04-29,-0.00046403712296982924
2019-04-29,2019-04-30,0.008201795109872956
2019-04-30,2019-05-01,0.004681504221028421
2019-05-01,2019-05-02,-0.004506913146436475
2019-05-02,2019-05-03,0.00821055862492348
2019-05-03,2019-05-06,-0.0035010274754548876
2019-05-06,2019-05-07,-0.003131444283204776
2019-05-07,2019-05-08,-0.0029114311982838537
2019-05-08,2019-05-09,-7.684032580301814e-05
2019-05-09,2019-05-10,0.0017674633059250322
2019-05-10,2019-05-13,-0.005753298557839903
2019-05-13,2019-05-14,-0.0030861816217884197
2019-05-14,2019-05-15,-0.00332791579599101
2019-05-15,2019-05-16,-0.005823885696536801
2019-05-16,2019-05-17,-0.006248535499492336
2019-05-17,2019-05-20,-0.0003929890749037046
2019-05-20,2019-05-21,0.002280232740996979
2019-05-21,2019-05-22,-0.005726837687298869
2019-05-22,2019-05-23,-0.0006312135079691306
2019-05-23,2019-05-24,0.002684351807989982
2019-05-24,2019-05-28,-0.0025196850393701675
2019-05-28,2019-05-29,-0.0029207451847174104
2019-05-29,2019-05-30,-0.0009500435436623489
2019-05-30,2019-05-31,7.924558205885113e-05
2019-05-31,2019-06-03,7.923930269404522e-05
2019-06-03,2019-06-04,0.004278583313525042
2019-06-04,2019-06-05,0.0024457593688362866
2019-06-05,2019-06-06,0.0005509208248073438
2019-06-06,2019-06-07,0.002123810272948834
2019-06-07,2019-06-10,-0.00439560439560438
2019-06-10,2019-06-11,0.0031535793125196943
2019-06-11,2019-06-12,-0.0024363407733416498
2019-06-12,2019-06-13,-0.0011817537225242702
2019-06-13,2019-06-14,-0.0060735131724246605
2019-06-14,2019-06-17,-0.0026188397746210734
2019-06-17,2019-06-18,-0.001670910248249502
2019-06-18,2019-06-19,0.0062166254881645955
2019-06-19,2019-06-20,0.005940594059405946
2019-06-20,2019-06-21,0.0002362204724408734
2019-06-21,2019-06-24,0.0019680390458947095
2019-06-24,2019-06-25,-0.0005499685732243131
2019-06-25,2019-06-26,-0.0018866441317506588
2019-06-26,2019-06-27,-0.0018114515239819884
2019-06-27,2019-06-28,0.002367050654883851
2019-06-28,2019-07-01,-0.004722921914357636
2019-07-01,2019-07-02,-0.0035590003163555872
2019-07-02,2019-07-03,-0.002460512739106413
2019-07-03,2019-07-05,-0.004933163590070011
2019-07-05,2019-07-08,-0.00023988485526948988
2019-07-08,2019-07-09,-0.0031992321842757576
2019-07-09,2019-07-10,0.003530450132391838
2019-07-10,2019-07-11,0.0033581194531062675
2019-07-11,2019-07-12,0.00031875049804774847
2019-07-12,2019-07-15,-0.0023898669640723957
2019-07-15,2019-07-16,-0.009183103090313893
2019-07-16,2019-07-17,0.0024177949709864865
2019-07-17,2019-07-18,0.004502331564560258
2019-07-18,2019-07-19,0.0004802305106450522
2019-07-19,2019-07-22,-0.0020000000000000018
2019-07-22,2019-07-23,-0.0020841683366734642
2019-07-23,2019-07-24,0.003936059121214752
2019-07-24,2019-07-25,-0.002160345655304763
2019-07-25,2019-07-26,-0.00673562665383709
2019-07-26,2019-07-29,-0.012190199402599466
2019-07-29,2019-07-30,-0.007191892775416764
2019-07-30,2019-07-31,0.005926901547579799
2019-07-31,2019-08-01,-0.006137479541734936
2019-08-01,2019-08-02,-0.001070399341292605
2019-08-02,2019-08-05,0.002720079129574504
2019-08-05,2019-08-06,-0.001315248664200408
2019-08-06,2019-08-07,0.0007408017120749122
2019-08-07,2019-08-08,-0.0016450074025332606
2019-08-08,2019-08-09,-0.004366452463338333
2019-08-09,2019-08-12,-0.0012412081092261218
2019-08-12,2019-08-13,-0.00024855012427504874
2019-08-13,2019-08-14,8.287063893264168e-05
2019-08-14,2019-08-15,0.003646005966191579
2019-08-15,2019-08-16,0.0033025099075296716
2019-08-16,2019-08-19,-0.0011520737327189723
2019-08-19,2019-08-20,0.0012357884330203017
2019-08-20,2019-08-21,-0.0009051263062619386
2019-08-21,2019-08-22,0.008894745511448088
2019-08-22,2019-08-23,0.0008979591836733025
2019-08-23,2019-08-26,-0.002365223065002753
2019-08-26,2019-08-27,0.004578155657292138
2019-08-27,2019-08-28,-0.0032552083333331483
2019-08-28,2019-08-29,-0.004163945133899505
2019-08-29,2019-08-30,-0.0025416085922769227
2019-08-30,2019-09-03,-0.006575702778234382
2019-09-03,2019-09-04,0.008604997517789315
2019-09-04,2019-09-05,0.012059064807218967
2019-09-05,2019-09-06,-0.0030801653562454456
2019-09-06,2019-09-09,0.005610212212374899
2019-09-09,2019-09-10,-0.0010510996119015292
2019-09-10,2019-09-11,-0.0021044111695669443
2019-09-11,2019-09-12,0.0022710682131559246
2019-09-12,2019-09-13,0.008497208060208816
2019-09-13,2019-09-16,-0.0031295137217139946
2019-09-16,2019-09-17,0.005634709812444738
2019-09-17,2019-09-18,-0.0012006723765308758
2019-09-18,2019-09-19,0.0002404231447346028
2019-09-19,2019-09-20,0.0006409742809068142
2019-09-20,2019-09-23,-0.004884298182400548
2019-09-23,2019-09-24,0.0037817830704860445
2019-09-24,2019-09-25,-0.00897795591182371
2019-09-25,2019-09-26,-0.0016177303243549712
2019-09-26,2019-09-27,-0.0025115450052660693
2019-09-27,2019-09-30,-0.0005685510071475885
2019-09-30,2019-10-01,-0.0051198699715562235
2019-10-01,2019-10-02,0.005799705930403576
2019-10-02,2019-10-03,0.00625355315520193
2019-10-03,2019-10-04,-0.0065375302663438495
2019-10-04,2019-10-07,0.0010561377853601783
2019-10-07,2019-10-08,-0.009414056159714357
2019-10-08,2019-10-09,0.0007373422906769012
2019-10-09,2019-10-10,0.0136717151043797
2019-10-10,2019-10-11,0.024309481505411012
2019-10-11,2019-10-15,0.004257667744224536
2019-10-15,2019-10-16,0.009185836539216563
2019-10-16,2019-10-17,-7.779679477204482e-05
2019-10-17,2019-10-18,0.003967945226795111
2019-10-18,2019-10-21,0.0061221326720397595
2019-10-21,2019-10-22,-0.002695833012400839
2019-10-22,2019-10-23,-0.004788384306456561
2019-10-23,2019-10-24,-0.005897873661337871
2019-10-24,2019-10-25,0.0017954722872757234
2019-10-25,2019-10-28,0.002103950751967565
2019-10-28,2019-10-29,0.003499222395023205
2019-10-29,2019-10-30,-0.002557148392096198
2019-10-30,2019-10-31,0.005205096333126269
2019-10-31,2019-11-01,0.0008501429785916503
2019-11-01,2019-11-04,-0.0033976833976833154
2019-11-04,2019-11-05,-0.002789400278940035
2019-11-05,2019-11-06,0.00015540015540005392
2019-11-06,2019-11-07,-0.0033405842137973485
2019-11-07,2019-11-08,-0.003039987528256294
2019-11-08,2019-11-12,0.0050820953870212016
2019-11-12,2019-11-13,-0.001166861143523934
2019-11-13,2019-11-14,0.0030373831775700744
2019-11-14,2019-11-15,0.0017082071589409331
2019-11-15,2019-11-18,0.0049608557476163995
2019-11-18,2019-11-19,-0.003008098727342867
2019-11-19,2019-11-20,-0.0006189076280364025
2019-11-20,2019-11-21,-0.00023223409196471145
2019-11-21,2019-11-22,-0.006658923732094535
2019-11-22,2019-11-25,0.004365110296983499
2019-11-25,2019-11-26,-0.002716336825766441
2019-11-26,2019-11-27,0.00241245136186774
2019-11-27,2019-11-29,0.004502755997205288
2019-11-29,2019-12-02,-0.00023185717597962174
2019-12-02,2019-12-03,0.005102040816326481
2019-12-03,2019-12-04,0.007152745731425991
2019-12-04,2019-12-05,0.005345551737304222
2019-12-05,2019-12-06,-0.0028864413216863616
2019-12-06,2019-12-09,0.0022853660394608344
2019-12-09,2019-12-10,0.0015961085353803917
2019-12-10,2019-12-11,-0.00015176809834571703
2019-12-11,2019-12-12,-0.0032635094110505802
2019-12-12,2019-12-13,0.016447117947156142
2019-12-13,2019-12-16,-0.00142332759008168
2019-12-16,2019-12-17,-0.016054013503375764
2019-12-17,2019-12-18,-0.00289722476364751
2019-12-18,2019-12-19,-0.003364428811745035
2019-12-19,2019-12-20,0.00015344483658141783
2019-12-20,2019-12-23,-0.009128567045105895
2019-12-23,2019-12-24,0.0029418595649144397
2019-12-24,2019-12-26,0.004013894249324412
2019-12-26,2019-12-27,0.006381179364957301
2019-12-27,2019-12-30,0.0038197097020626902
2019-12-30,2019-12-31,0.00981735159817343
2019-12-31,2020-01-02,-0.010626271761247974
2020-01-02,2020-01-03,-0.0028184034125533497
2020-01-03,2020-01-06,0.005499961805820908
2020-01-06,2020-01-07,-0.0027349388437286626
2020-01-07,2020-01-08,-0.001295040755694421
2020-01-08,2020-01-09,-0.003127383676582718
2020-01-09,2020-01-10,-0.0006886525365367158
2020-01-10,2020-01-13,-0.005895865237366071
2020-01-13,2020-01-14,0.00269583301240095
2020-01-14,2020-01-15,0.0009218005838069754
2020-01-15,2020-01-16,0.0035303146584806377
2020-01-16,2020-01-17,-0.003594371367390714
2020-01-17,2020-01-21,0.0013815335021873931
2020-01-21,2020-01-22,0.006821491530620172
2020-01-22,2020-01-23,-0.0024360535931791105
2020-01-23,2020-01-24,-0.0025183150183151204
2020-01-24,2020-01-27,-0.0013005890903526884
2020-01-27,2020-01-28,-0.0044430825800519935
2020-01-28,2020-01-29,0.0012311480455522439
2020-01-29,2020-01-30,0.007224100830003133
2020-01-30,2020-01-31,0.006790782847550636
2020-01-31,2020-02-03,-0.014323607427055629
2020-02-03,2020-02-04,0.001768414577887123
2020-02-04,2020-02-05,-0.0022258039757463433
2020-02-05,2020-02-06,-0.0050000000000000044
2020-02-06,2020-02-07,-0.0020873598763047063
2020-02-07,2020-02-10,0.0008521846916642595
2020-02-10,2020-02-11,0.002012539670253055
2020-02-11,2020-02-12,0.002549246813441597
2020-02-12,2020-02-13,0.005624903683155935
2020-02-13,2020-02-14,-0.0009194697724311807
2020-02-14,2020-02-18,-0.0016872459544443608
2020-02-18,2020-02-19,-0.006376277176000644
2020-02-19,2020-02-20,-0.00440698933044692
2020-02-20,2020-02-21,0.006911547720742428
2020-02-21,2020-02-24,-0.0033163658799938434
2020-02-24,2020-02-25,0.006267894451752687
2020-02-25,2020-02-26,-0.00638265149184869
2020-02-26,2020-02-27,-0.0034827025771998477
2020-02-27,2020-02-28,-0.007611059335197234
2020-02-28,2020-03-02,0.0010173736108936016
2020-03-02,2020-03-03,0.002814478930498021
2020-03-03,2020-03-04,0.0007016449676464642
2020-03-04,2020-03-05,0.008024306637581802
2020-03-05,2020-03-06,0.005487286498183641
2020-03-06,2020-03-09,0.006917755572636519
2020-03-09,2020-03-10,-0.012748091603053568
2020-03-10,2020-03-11,-0.003556792700842748
2020-03-11,2020-03-12,-0.02684876231861566
2020-03-12,2020-03-13,-0.010764691810860483
2020-03-13,2020-03-16,-0.010317588263743294
2020-03-16,2020-03-17,-0.02125753380029327
2020-03-17,2020-03-18,-0.021386369310144038
2020-03-18,2020-03-19,-0.008333333333333415
2020-03-19,2020-03-20,0.00694563539701587
2020-03-20,2020-03-23,-0.021374435834113803
2020-03-23,2020-03-24,0.025408980160111394
2020-03-24,2020-03-25,-0.001782077393075343
2020-03-25,2020-03-26,0.032049647198843845
2020-03-26,2020-03-27,0.01812191103789118
2020-03-27,2020-03-30,0.0025889967637540146
2020-03-30,2020-03-31,0.005003227888960682
2020-03-31,2020-04-01,-0.004817729243616564
2020-04-01,2020-04-02,-0.0011295788284654273
2020-04-02,2020-04-03,-0.012277867528271313
2020-04-03,2020-04-06,0.005724566568531264
2020-04-06,2020-04-07,0.003659131566108309
2020-04-07,2020-04-08,0.004131896621566877
2020-04-08,2020-04-09,0.0051637889301274775
2020-04-09,2020-04-10,0.0021672820677476334
2020-04-10,2020-04-13,0.002643171806167466
2020-04-13,2020-04-14,0.00790861159929701
2020-04-14,2020-04-15,-0.007450265514781673
2020-04-15,2020-04-16,-0.007186776331549849
2020-04-16,2020-04-17,0.005630177752754761
2020-04-17,2020-04-20,-0.002879308965848204
2020-04-20,2020-04-21,-0.016122563567819048
2020-04-21,2020-04-22,0.005380727213435632
2020-04-22,2020-04-23,0.0030003243593901274
2020-04-23,2020-04-24,-0.002748807502627626
2020-04-24,2020-04-27,0.0069720308066476555
2020-04-27,2020-04-28,0.0013686498671605651
2020-04-28,2020-04-29,-0.0007235890014473112
2020-04-29,2020-04-30,0.01391906026228984
2020-04-30,2020-05-01,-0.007379780987144979
2020-05-01,2020-05-04,-0.006315452873930649
2020-05-04,2020-05-05,0.0015285599356393842
2020-05-05,2020-05-06,-0.008193429191099666
2020-05-06,2020-05-07,0.00016198266785472093
2020-05-07,2020-05-08,0.0070451048667907745
2020-05-08,2020-05-11,-0.008523641042135655
2020-05-11,2020-05-12,-0.0025141930251419975
2020-05-12,2020-05-13,-0.006016749329213811
2020-05-13,2020-05-14,-0.0025357873210632986
2020-05-14,2020-05-15,-0.005330490405117239
2020-05-15,2020-05-18,0.006760656278341104
2020-05-18,2020-05-19,0.003603308492343027
2020-05-19,2020-05-20,0.00016319869441039359
2020-05-20,2020-05-21,-0.002447580974137331
2020-05-21,2020-05-22,-0.004007524331397616
2020-05-22,2020-05-26,0.013056331088848738
2020-05-26,2020-05-27,-0.008592040204263518
2020-05-27,2020-05-28,0.007685389583844238
2020-05-28,2020-05-29,-0.00040567951318448703
2020-05-29,2020-06-01,0.012337662337662314
2020-06-01,2020-06-02,0.004730596536241194
2020-06-02,2020-06-03,0.005506344266219765
2020-06-03,2020-06-04,0.0006349206349205438
2020-06-04,2020-06-05,0.007534898477157492
2020-06-05,2020-06-08,-0.0007084940565219577
2020-06-08,2020-06-09,0.0033086497557901495
2020-06-09,2020-06-10,0.0017273869346734472
2020-06-10,2020-06-11,-0.009641009562627367
2020-06-11,2020-06-12,-0.008547685001978778
2020-06-12,2020-06-15,0.0012772411590964428
2020-06-15,2020-06-16,0.0034282069680300342
2020-06-16,2020-06-17,-0.004767201652629893
2020-06-17,2020-06-18,-0.007664058757783643
2020-06-18,2020-06-19,-0.005470635559131298
2020-06-19,2020-06-22,0.00687591004691801
2020-06-22,2020-06-23,0.006748614123885499
2020-06-23,2020-06-24,-0.007900406990663189
2020-06-24,2020-06-25,-0.002091377091377189
2020-06-25,2020-06-26,-0.0055618249234240524
2020-06-26,2020-06-29,-0.004701305017427271
2020-06-29,2020-06-30,0.007329587099926815
2020-06-30,2020-07-01,0.008488964346349714
2020-07-01,2020-07-02,-0.00040083373416721635
2020-07-02,2020-07-06,0.001042585612318625
2020-07-06,2020-07-07,0.007210382951450267
2020-07-07,2020-07-08,0.0016703786191536452
2020-07-08,2020-07-09,0.0016675931072818173
2020-07-09,2020-07-10,0.0031710797526558476
2020-07-10,2020-07-13,-0.003161055792634704
2020-07-13,2020-07-14,-0.005390835579514919
2020-07-14,2020-07-15,0.003188267176789328
2020-07-15,2020-07-16,0.002780867630700845
2020-07-16,2020-07-17,-0.005625544727042353
2020-07-17,2020-07-20,0.008605577689243082
2020-07-20,2020-07-21,0.006162110917996566
2020-07-21,2020-07-22,-0.0005496231155780462
2020-07-22,2020-07-23,0.002356823002592545
2020-07-23,2020-07-24,0.0025080335449485514
2020-07-24,2020-07-27,0.007505277147994649
2020-07-27,2020-07-28,0.004888647474198704
2020-07-28,2020-07-29,0.0018532818532819295
2020-07-29,2020-07-30,0.004701711114536655
2020-07-30,2020-07-31,0.007518220176447876
2020-07-31,2020-08-03,-0.006091525165613398
2020-08-03,2020-08-04,0.0004596644449552656
2020-08-04,2020-08-05,0.0062791944253004495
2020-08-05,2020-08-06,0.00045658625675359943
2020-08-06,2020-08-07,-0.007910549935346456
2020-08-07,2020-08-10,0.0029901096373534664
2020-08-10,2020-08-11,-0.00038220455587822943
2020-08-11,2020-08-12,-0.0022941041523285577
2020-08-12,2020-08-13,0.0026826090288956106
2020-08-13,2020-08-14,0.001987463690567237
2020-08-14,2020-08-17,-0.00022886786695142103
2020-08-17,2020-08-18,0.009385730637161416
2020-08-18,2020-08-19,-0.0027970970668279582
2020-08-19,2020-08-20,-7.580926389205711e-05
2020-08-20,2020-08-21,-0.006974981046247053
2020-08-21,2020-08-24,-0.0015269506794930443
2020-08-24,2020-08-25,0.0044349288882092885
2020-08-25,2020-08-26,0.003806333739342138
2020-08-26,2020-08-27,0.0032610344304564443
2020-08-27,2020-08-28,0.008466248393680598
2020-08-28,2020-08-31,0.002548534592609064
2020-08-31,2020-09-01,0.003065420560747656
2020-09-01,2020-09-02,-0.007528324388789476
2020-09-02,2020-09-03,-0.0039053698835898043
2020-09-03,2020-09-04,-0.0024881248586293703
2020-09-04,2020-09-08,-0.014436885865457216
2020-09-08,2020-09-09,-0.0021474039420201763
2020-09-09,2020-09-10,-0.012681577127046317
2020-09-10,2020-09-11,-0.004515024132025536
2020-09-11,2020-09-14,0.00688145136065077
2020-09-14,2020-09-15,-0.000776638707673305
2020-09-15,2020-09-16,0.008860562723457255
2020-09-16,2020-09-17,-0.0019260400616332163
2020-09-17,2020-09-18,-0.0003859513701275352
2020-09-18,2020-09-21,-0.012046332046331876
2020-09-21,2020-09-22,-0.005314991402219915
2020-09-22,2020-09-23,0.001885902876001877
2020-09-23,2020-09-24,-0.000862745098039075
2020-09-24,2020-09-25,-0.002590470209592688
2020-09-25,2020-09-28,0.012513773020620178
2020-09-28,2020-09-29,-0.0013991449669646938
2020-09-29,2020-09-30,0.005760099634155802
2020-09-30,2020-10-01,-0.0015478678120888212
2020-10-01,2020-10-02,0.0020928610185255714
2020-10-02,2020-10-05,0.0034034653465346842
2020-10-05,2020-10-06,-0.002081406105457817
2020-10-06,2020-10-07,-0.002394747006566167
2020-10-07,2020-10-08,0.0023230602446955295
2020-10-08,2020-10-09,0.004558096415327562
2020-10-09,2020-10-13,-0.002691686533876858
2020-10-13,2020-10-14,0.004241209130166679
2020-10-14,2020-10-15,-0.008139445596252792
2020-10-15,2020-10-16,0.0010838429975998931
2020-10-16,2020-10-19,0.005181347150259086
2020-10-19,2020-10-20,-0.0036159409139868703
2020-10-20,2020-10-21,0.014825110030113553
2020-10-21,2020-10-22,-0.004032564863425514
2020-10-22,2020-10-23,-0.003896103896103842
2020-10-23,2020-10-26,-0.0013804739627272244
2020-10-26,2020-10-27,0.0035327547807386672
2020-10-27,2020-10-28,-0.005357006198821401
2020-10-28,2020-10-29,-0.008232669077479549
2020-10-29,2020-10-30,0.003335919317300151
2020-10-30,2020-11-02,-0.002242325833139991
2020-11-02,2020-11-03,0.011314321140731609
2020-11-03,2020-11-04,-0.0022222222222221255
2020-11-04,2020-11-05,0.007295906612395431
2020-11-05,2020-11-06,0.0035071668191521965
2020-11-06,2020-11-09,-0.0018994073848959125
2020-11-09,2020-11-10,0.007383725355865067
2020-11-10,2020-11-12,-0.0069517908417711105
2020-11-12,2020-11-13,0.0025871252472988715
2020-11-13,2020-11-16,0.0015938069216758777
2020-11-16,2020-11-17,0.0037887398651208493
2020-11-17,2020-11-18,0.003925417075564264
2020-11-18,2020-11-19,-0.005564328144973318
2020-11-19,2020-11-20,0.00521739130434784
2020-11-20,2020-11-23,0.0004513314277119207
2020-11-23,2020-11-24,0.003759398496240518
2020-11-24,2020-11-25,0.0020973782771536165
2020-11-25,2020-11-30,-0.002989983555090503
2020-11-30,2020-12-01,0.004048582995951344
2020-12-01,2020-12-02,-0.003285543608124275
2020-12-02,2020-12-03,0.011087803416242048
2020-12-03,2020-12-04,-0.0008150563129815103
2020-12-04,2020-12-07,-0.009788654060066793
2020-12-07,2020-12-08,0.00037444768965788633
2020-12-08,2020-12-09,0.0025452912112591264
2020-12-09,2020-12-10,-0.007392473118279619
2020-12-10,2020-12-11,-0.007221846084405237
2020-12-11,2020-12-14,0.00962339925740685
2020-12-14,2020-12-15,0.008255779045331701
2020-12-15,2020-12-16,0.0051362215274677325
2020-12-16,2020-12-17,0.007850107383544414
2020-12-17,2020-12-18,-0.008229847894775544
2020-12-18,2020-12-21,-0.010594947025264867
2020-12-21,2020-12-22,-0.0003744196495432117
2020-12-22,2020-12-23,0.012060828526481382
2020-12-23,2020-12-28,-0.004663212435233155
2020-12-28,2020-12-29,0.004833791923849251
2020-12-29,2020-12-30,0.006882770870337618
2020-12-30,2020-12-31,0.004189636163175248
2020-12-31,2021-01-04,-0.00812472551602994
2021-01-04,2021-01-05,0.005091875138366175
2021-01-05,2021-01-06,-0.0019823788546257104
2021-01-06,2021-01-07,-0.003089825645552824
2021-01-07,2021-01-08,0.0023614493395323066
2021-01-08,2021-01-11,-0.004490907752337514
2021-01-11,2021-01-12,0.008504659074101362
2021-01-12,2021-01-13,-0.0004399794676247515
2021-01-13,2021-01-14,0.004328369158535628
2021-01-14,2021-01-15,-0.0066471877282687775
2021-01-15,2021-01-19,0.0020589749246266997
2021-01-19,2021-01-21,0.006898070008072299
2021-01-21,2021-01-22,-0.0026237154726331813
2021-01-22,2021-01-25,-0.001242236024844745
2021-01-25,2021-01-26,0.004462979221539376
2021-01-26,2021-01-27,-0.0029863791973195886
2021-01-27,2021-01-28,0.0028492109877265026
2021-01-28,2021-01-29,-0.00029139651781162623
2021-01-29,2021-02-01,-0.003716388544778959
2021-02-01,2021-02-02,-0.0020479812755996862
2021-02-02,2021-02-03,0.0005863383172088898
2021-02-03,2021-02-04,0.0009522414298270832
2021-02-04,2021-02-05,0.003585803146725075
2021-02-05,2021-02-08,0.0017500364590927742
2021-02-08,2021-02-09,0.004221866356092674
2021-02-09,2021-02-10,0.003914178022615289
2021-02-10,2021-02-11,-0.0020216606498194567
2021-02-11,2021-02-12,0.00238749819128925
2021-02-12,2021-02-16,0.003969686033922892
2021-02-16,2021-02-17,-0.0044572250179726325
2021-02-17,2021-02-18,0.0077989601386481144
2021-02-18,2021-02-19,0.004944110060189244
2021-02-19,2021-02-22,0.003707664884135431
2021-02-22,2021-02-23,0.0010655679477162838
2021-02-23,2021-02-24,0.0009934714731762995
2021-02-24,2021-02-25,-7.089181908404019e-05
2021-02-25,2021-02-26,-0.011201701524282237
2021-02-26,2021-03-01,-0.0006453000645301188
2021-03-01,2021-03-02,0.0017219113215669601
2021-03-02,2021-03-03,0.0011459676264145013
2021-03-03,2021-03-04,0.0015023608527686694
2021-03-04,2021-03-05,-0.013000928637759812
2021-03-05,2021-03-08,-0.0005066222769052331
2021-03-08,2021-03-09,0.005358435916003046
2021-03-09,2021-03-10,0.001080380293863259
2021-03-10,2021-03-11,0.005827757392618205
2021-03-11,2021-03-12,-0.003934191702431922
2021-03-12,2021-03-15,-0.004236983842010766
2021-03-15,2021-03-16,0.0018750901485646843
2021-03-16,2021-03-17,-0.00028793550244743393
2021-03-17,2021-03-18,0.0036002304147464415
2021-03-18,2021-03-19,-0.004735256134309029
2021-03-19,2021-03-22,-0.0011534025374856371
2021-03-22,2021-03-23,-0.004402424942263283
2021-03-23,2021-03-24,-0.005219282348676968
2021-03-24,2021-03-25,-7.287036362313426e-05
2021-03-25,2021-03-26,0.005247048535198751
2021-03-26,2021-03-29,-7.249528780628456e-05
2021-03-29,2021-03-30,-0.004640034800260984
2021-03-30,2021-03-31,0.004807342122514324
2021-03-31,2021-04-01,0.002174700978615496
2021-04-01,2021-04-02,0.0
2021-04-02,2021-04-05,0.005931283905967533
2021-04-05,2021-04-06,-0.004170561587689692
2021-04-06,2021-04-07,-0.006643078922665913
2021-04-07,2021-04-08,-0.0013084248019190614
2021-04-08,2021-04-09,-0.00036392750564084864
2021-04-09,2021-04-12,0.0005096839959226607
2021-04-12,2021-04-13,7.27749072120254e-05
2021-04-13,2021-04-14,0.003492941347693179
2021-04-14,2021-04-15,-0.0006526468455402279
2021-04-15,2021-04-16,0.003265365358101624
2021-04-16,2021-04-19,0.010921452336178028
2021-04-19,2021-04-20,-0.0015740144523145316
2021-04-20,2021-04-21,-0.0013615191687567085
2021-04-21,2021-04-22,-0.006099311136624541
2021-04-22,2021-04-23,-0.0004331817197313903
2021-04-23,2021-04-26,0.003250270855904569
2021-04-26,2021-04-27,0.0012958963282938551
2021-04-27,2021-04-28,0.0006471095772215829
2021-04-28,2021-04-29,0.00280232808794989
2021-04-29,2021-04-30,-0.008455144740613374
2021-04-30,2021-05-03,0.005419858361034979
2021-05-03,2021-05-04,-0.0028750089844030713
2021-05-04,2021-05-05,0.0028832984934765715
2021-05-05,2021-05-06,-0.0023718824121325977
2021-05-06,2021-05-07,0.008645533141210304
2021-05-07,2021-05-10,0.010928571428571399
2021-05-10,2021-05-11,-0.0002826255917472986
2021-05-11,2021-05-12,-0.004805993356421068
2021-05-12,2021-05-13,-0.003408848803352016
2021-05-13,2021-05-14,0.004489417800897844
2021-05-14,2021-05-17,0.002199205448354169
2021-05-17,2021-05-18,0.0040348269271608395
2021-05-18,2021-05-19,-0.0010575296108291665
2021-05-19,2021-05-20,0.0009174959418447592
2021-05-20,2021-05-21,-0.0016922859963333092
2021-05-21,2021-05-24,-0.0007769458963129416
2021-05-24,2021-05-25,-0.001696472750406408
2021-05-25,2021-05-26,0.0004248389152445853
2021-05-26,2021-05-27,0.0030433859438034894
2021-05-27,2021-05-28,0.001128986734405979
2021-05-28,2021-06-01,-0.0014096419509445068
2021-06-01,2021-06-02,0.0006352343308864139
2021-06-02,2021-06-03,-0.005501869224800782
2021-06-03,2021-06-04,0.005390453223632852
2021-06-04,2021-06-07,0.0002821869488536244
2021-06-07,2021-06-08,-0.002327385570209395
2021-06-08,2021-06-09,-0.0015552099533436836
2021-06-09,2021-06-10,0.0029028603794958308
2021-06-10,2021-06-11,-0.003600423579244727
2021-06-11,2021-06-14,0.00014170327334550592
2021-06-14,2021-06-15,-0.003046188722017562
2021-06-15,2021-06-16,0.0026291480139273293
2021-06-16,2021-06-17,-0.013749114103472793
2021-06-17,2021-06-18,-0.00711411325093414
2021-06-18,2021-06-21,0.007092711876673707
2021-06-21,2021-06-22,0.00043118936399566543
2021-06-22,2021-06-23,0.004022699518712702
2021-06-23,2021-06-24,-0.005008227802818843
2021-06-24,2021-06-25,-0.0005752498741642409
2021-06-25,2021-06-28,-0.0002877904885243421
2021-06-28,2021-06-29,-0.003598416696653395
2021-06-29,2021-06-30,-0.0028169014084507005
2021-06-30,2021-07-01,-0.0018832391713748953
2021-07-01,2021-07-02,0.0010885341074020616
2021-07-02,2021-07-06,-0.00021747009786154958
2021-07-06,2021-07-07,0.0
2021-07-07,2021-07-08,-0.001812645011600944
2021-07-08,2021-07-09,0.005447809980387852
2021-07-09,2021-07-12,0.003178731397196932
2021-07-12,2021-07-13,-0.0028085841855105542
2021-07-13,2021-07-14,0.00050552466238174
2021-07-14,2021-07-15,-0.0003609065973725345
2021-07-15,2021-07-16,-0.004621272294028422
2021-07-16,2021-07-19,-0.006891548784911161
2021-07-19,2021-07-20,-0.005478451424397401
2021-07-20,2021-07-21,0.005875872199779586
2021-07-21,2021-07-22,0.004016064257028162
2021-07-22,2021-07-23,-7.272727272722435e-05
2021-07-23,2021-07-26,0.005818604989453746
2021-07-26,2021-07-27,0.003977149468508356
2021-07-27,2021-07-28,0.0
2021-07-28,2021-07-29,0.005906078939786896
2021-07-29,2021-07-30,-0.003794930545610864
2021-07-30,2021-08-02,-0.0019406310644720648
2021-08-02,2021-08-03,0.0013682846031974893
2021-08-03,2021-08-04,0.0005034160373964536
2021-08-04,2021-08-05,0.001221966647498629
2021-08-05,2021-08-06,-0.00402038911623237
2021-08-06,2021-08-09,-0.0015137317090752056
2021-08-09,2021-08-10,-0.0008663008951776963
2021-08-10,2021-08-11,0.0018786127167631506
2021-08-11,2021-08-12,-0.002379922111640065
2021-08-12,2021-08-13,0.001734981565820748
2021-08-13,2021-08-16,-0.0005773255394384558
2021-08-16,2021-08-17,-0.00794281175536149
2021-08-17,2021-08-18,0.0007278550112819193
2021-08-18,2021-08-19,-0.00552767473998117
2021-08-19,2021-08-20,-0.0035105682732391452
2021-08-20,2021-08-23,0.006752293577981572
2021-08-23,2021-08-24,-7.290223809874874e-05
2021-08-24,2021-08-25,0.000510352872557629
2021-08-25,2021-08-26,-0.0008015739998543658
2021-08-26,2021-08-27,0.004156942823803966
2021-08-27,2021-08-30,-0.0007988960708839032
2021-08-30,2021-08-31,-0.0007995348161069504
2021-08-31,2021-09-01,0.0031279551902232416
2021-09-01,2021-09-02,0.002538071065989911
2021-09-02,2021-09-03,0.0026763110307415072
2021-09-03,2021-09-07,-0.005049776367046732
2021-09-07,2021-09-08,-0.0022476798143851173
2021-09-08,2021-09-09,0.006830898917229655
2021-09-09,2021-09-10,-0.000577408877661445
2021-09-10,2021-09-13,-0.00021665342673504728
2021-09-13,2021-09-14,0.0002889338341518499
2021-09-14,2021-09-15,-0.0007943385326402153
2021-09-15,2021-09-16,-0.0037580400375802903
2021-09-16,2021-09-17,-0.0021762785636562088
2021-09-17,2021-09-20,-0.007197382769901894
2021-09-20,2021-09-21,0.000512595196250798
2021-09-21,2021-09-22,0.0004391422088851904
2021-09-22,2021-09-23,0.005560026336966839
2021-09-23,2021-09-24,-0.004656238632229859
2021-09-24,2021-09-27,0.002265916234193366
2021-09-27,2021-09-28,-0.01276254375729291
2021-09-28,2021-09-29,-0.007239417891704125
2021-09-29,2021-09-30,0.002306719249944189
2021-09-30,2021-10-01,0.0075723830734966135
2021-10-01,2021-10-04,0.002210433244915988
2021-10-04,2021-10-05,0.002793706807822316
2021-10-05,2021-10-06,-0.005205278592375406
2021-10-06,2021-10-07,0.004790330901319084
2021-10-07,2021-10-08,-0.0002933841865923048
2021-10-08,2021-10-12,-0.0018341892883345645
2021-10-12,2021-10-13,0.0029400955531053707
2021-10-13,2021-10-14,0.0028581898131183614
2021-10-14,2021-10-15,0.0052616194095291835
2021-10-15,2021-10-18,-0.002180866530968273
2021-10-18,2021-10-19,0.005901209383651462
2021-10-19,2021-10-20,0.0010139784167451094
2021-10-20,2021-10-21,-0.0006511829824181747
2021-10-21,2021-10-22,-0.005140457573124757
2021-10-22,2021-10-25,0.0023287970307837025
2021-10-25,2021-10-26,-7.260582298695972e-05
2021-10-26,2021-10-27,-0.0023961661341853624
2021-10-27,2021-10-28,0.004731057573331476
2021-10-28,2021-10-29,-0.00854824688496092
2021-10-29,2021-11-01,-0.000511471576793876
2021-11-01,2021-11-02,-0.004898018861027809
2021-11-02,2021-11-03,0.0034528357331764514
2021-11-03,2021-11-04,-0.012079947287502724
2021-11-04,2021-11-05,-0.0002223210315696056
2021-11-05,2021-11-08,0.005336891260840693
2021-11-08,2021-11-09,-0.0008847600088476293
2021-11-09,2021-11-10,-0.005977418640690679
2021-11-10,2021-11-12,-0.004305864884929456
2021-11-12,2021-11-15,0.0023859230539815535
2021-11-15,2021-11-16,-0.0011157393632847956
2021-11-16,2021-11-17,0.004393476803931762
2021-11-17,2021-11-18,7.41399762751449e-05
2021-11-18,2021-11-19,-0.0011120171991994
2021-11-19,2021-11-22,-0.004601454653406556
2021-11-22,2021-11-23,-0.001789442290486054
2021-11-23,2021-11-24,-0.004182850313713793
2021-11-24,2021-11-26,-0.0007500750075006835
2021-11-26,2021-11-29,-0.0023269779312415917
2021-11-29,2021-11-30,-0.002934316454743846
2021-11-30,2021-12-01,0.004225777241171125
2021-12-01,2021-12-02,-0.00022542831379623873
2021-12-02,2021-12-03,-0.005336339721909167
2021-12-03,2021-12-06,0.0013601329907813042
2021-12-06,2021-12-07,-0.0012073649260487818
2021-12-07,2021-12-08,0.0
2021-12-08,2021-12-09,-0.0036264732547598433
2021-12-09,2021-12-10,0.005611161662117059
2021-12-10,2021-12-13,-0.0021866988387876374
2021-12-13,2021-12-14,-0.0006045492329781466
2021-12-14,2021-12-15,-0.0008317580340265751
2021-12-15,2021-12-16,0.008400181625548786
2021-12-16,2021-12-17,-0.004202626641651053
2021-12-17,2021-12-20,-0.003542090587082658
2021-12-20,2021-12-21,0.0023445772197852044
2021-12-21,2021-12-22,0.006941824492567861
2021-12-22,2021-12-23,0.004870738104158834
2021-12-23,2021-12-27,0.0020879940343028203
2021-12-27,2021-12-28,-0.00044649501413907
2021-12-28,2021-12-29,0.0032013103037522583
2021-12-29,2021-12-30,0.0018552875695734272
2021-12-30,2022-01-03,-0.002296296296296352
2022-01-03,2022-01-04,0.005568342118939862
2022-01-04,2022-01-05,0.002141169521559183
2022-01-05,2022-01-06,-0.002504973108376829
2022-01-06,2022-01-07,0.003249870743777139
2022-01-07,2022-01-10,-0.0011779430170065774
2022-01-10,2022-01-11,0.004053954448293595
2022-01-11,2022-01-12,0.005579210101306575
2022-01-12,2022-01-13,0.001898087312016461
2022-01-13,2022-01-14,-0.003934712911687566
2022-01-14,2022-01-18,-0.005998536942209198
2022-01-18,2022-01-19,0.0027229908743009457
2022-01-19,2022-01-20,0.0012477064220184353
2022-01-20,2022-01-21,-0.00586424277965103
2022-01-21,2022-01-24,-0.008479575283881435
2022-01-24,2022-01-25,0.0035695694206885342
2022-01-25,2022-01-26,0.0015561319007040275
2022-01-26,2022-01-27,-0.009692216632139594
2022-01-27,2022-01-28,0.00239073589839367
2022-01-28,2022-01-31,0.0016397108146382067
2022-01-31,2022-02-01,0.004911079693429521
2022-02-01,2022-02-02,0.004442798963346872
2022-02-02,2022-02-03,0.0027276078142277616
2022-02-03,2022-02-04,-0.004337597412145233
2022-02-04,2022-02-07,-0.000738388835560877
2022-02-07,2022-02-08,0.0014039754673760285
2022-02-08,2022-02-09,-0.0008854781582053883
2022-02-09,2022-02-10,0.007090103397341174
2022-02-10,2022-02-11,-0.002566735112936258
2022-02-11,2022-02-14,-0.006249540474965176
2022-02-14,2022-02-15,0.0017016868896124748
2022-02-15,2022-02-16,0.003397592141221706
2022-02-16,2022-02-17,0.002870813397129135
2022-02-17,2022-02-18,-0.002862595419847347
2022-02-18,2022-02-22,0.0008833271991166569
2022-02-22,2022-02-23,-0.0030889166727954276
2022-02-23,2022-02-24,-0.014385835485060783
2022-02-24,2022-02-25,0.0035179640718563387
2022-02-25,2022-02-28,0.0008950548221078325
2022-02-28,2022-03-01,-0.007526641329458239
2022-03-01,2022-03-02,0.0035290584171796535
2022-03-02,2022-03-03,-0.0029180695847362825
2022-03-03,2022-03-04,-0.008404622542398377
2022-03-04,2022-03-07,-0.0074920538822459415
2022-03-07,2022-03-08,-0.0010674799847503191
2022-03-08,2022-03-09,0.004503473017327009
2022-03-09,2022-03-10,-0.003951367781155124
2022-03-10,2022-03-11,-0.0034330180042722036
2022-03-11,2022-03-14,-0.0014544897802954981
2022-03-14,2022-03-15,0.0016099356025758293
2022-03-15,2022-03-16,0.002372751626483094
2022-03-16,2022-03-17,0.004810629199755612
2022-03-17,2022-03-18,0.000759936165362074
2022-03-18,2022-03-21,0.002429949122940256
2022-03-21,2022-03-22,0.004317854707976743
2022-03-22,2022-03-23,-0.00346960325841017
2022-03-23,2022-03-24,-0.0021949742658188276
2022-03-24,2022-03-25,0.0007585526814837262
2022-03-25,2022-03-28,-0.00773137269764268
2022-03-28,2022-03-29,0.0025972041860820028
2022-03-29,2022-03-30,0.0018285714285712906
2022-03-30,2022-03-31,0.00022815423226107967
2022-03-31,2022-04-01,-0.0028892944038929613
2022-04-01,2022-04-04,0.00015250876925443357
2022-04-04,2022-04-05,-0.0011436413540714119
2022-04-05,2022-04-06,-0.0014502709716815998
2022-04-06,2022-04-07,-0.0016817000458645426
2022-04-07,2022-04-08,-0.0021439509954058744
2022-04-08,2022-04-11,7.673419275633364e-05
2022-04-11,2022-04-12,-0.00015345661014343204
2022-04-12,2022-04-13,0.00314634333512398
2022-04-13,2022-04-14,-0.0015299877600979395
2022-04-14,2022-04-15,0.0010726325467362852
2022-04-15,2022-04-18,-0.003597122302158251
2022-04-18,2022-04-19,-0.0007681081496275777
2022-04-19,2022-04-20,0.003536013529095383
2022-04-20,2022-04-21,-0.0009957870547683267
2022-04-21,2022-04-22,-0.014875019168839154
2022-04-22,2022-04-25,-0.011674968866749569
2022-04-25,2022-04-26,-0.006378957316112821
2022-04-26,2022-04-27,-0.0055480700641992176
2022-04-27,2022-04-28,-0.008288833984219313
2022-04-28,2022-04-29,0.009804709475206952
2022-04-29,2022-05-02,-0.003342618384401086
2022-05-02,2022-05-03,-0.0010380899145572275
2022-05-03,2022-05-04,-0.0018385291766586098
2022-05-04,2022-05-05,-0.012252742852566612
2022-05-05,2022-05-06,0.0008107669855683675
2022-05-06,2022-05-09,-0.0007290991574853134
2022-05-09,2022-05-10,-0.0017835427644912194
2022-05-10,2022-05-11,0.00032485990416630806
2022-05-11,2022-05-12,-0.009661443533327985
2022-05-12,2022-05-13,0.003607148712903685
2022-05-13,2022-05-16,0.002287207972553551
2022-05-16,2022-05-17,0.016136919315403286
2022-05-17,2022-05-18,-0.005774783445620657
2022-05-18,2022-05-19,0.00871248789932233
2022-05-19,2022-05-20,-0.0009596928982724684
2022-05-20,2022-05-23,0.006324047390329879
2022-05-23,2022-05-24,-0.002147800493198737
2022-05-24,2022-05-25,-0.0003985969387754196
2022-05-25,2022-05-26,0.003429300582183492
2022-05-26,2022-05-27,0.00246383722778587
2022-05-27,2022-05-31,0.0008721160707205744
2022-05-31,2022-06-01,-0.012040557667933993
2022-06-01,2022-06-02,0.006815266196279701
2022-06-02,2022-06-03,-0.004857848212152627
2022-06-03,2022-06-06,0.003841229193341844
2022-06-06,2022-06-07,0.003985969387755084
2022-06-07,2022-06-08,-0.0029379069398126623
2022-06-08,2022-06-09,-0.0036632953730986184
2022-06-09,2022-06-10,-0.014467268803452948
2022-06-10,2022-06-13,-0.012976480129764822
2022-06-13,2022-06-14,-0.013064913722267923
2022-06-14,2022-06-15,0.003829822662559268
2022-06-15,2022-06-16,0.023554781454756535
2022-06-16,2022-06-17,-0.011344299489506549
2022-06-17,2022-06-21,0.006228997623145771
2022-06-21,2022-06-22,0.0002443593711818348
2022-06-22,2022-06-23,-0.0032573289902280145
2022-06-23,2022-06-24,0.0026960784313725394
2022-06-24,2022-06-27,0.00260734946630814
2022-06-27,2022-06-28,-0.008533116619260372
2022-06-28,2022-06-29,-0.004016393442622834
2022-06-29,2022-06-30,0.000905275285984608
2022-06-30,2022-07-01,-0.00937345831277736
2022-07-01,2022-07-05,-0.009628154050464799
2022-07-05,2022-07-06,-0.002095206168286956
2022-07-06,2022-07-07,0.0073066263542453935
2022-07-07,2022-07-08,0.0035017508754378035
2022-07-08,2022-07-11,-0.010717846460618019
2022-07-11,2022-07-12,-0.00016796842193689265
2022-07-12,2022-07-13,0.0011759764804704087
2022-07-13,2022-07-14,-0.007718768353049632
2022-07-14,2022-07-15,0.002536568867844702
2022-07-15,2022-07-18,0.011132664248966861
2022-07-18,2022-07-19,0.0027525231462173227
2022-07-19,2022-07-20,-0.0027449675594741763
2022-07-20,2022-07-21,-0.001751605638501963
2022-07-21,2022-07-22,0.0042613636363635354
2022-07-22,2022-07-25,0.0019136367418253197
2022-07-25,2022-07-26,-0.0004982561036371846
2022-07-26,2022-07-27,-0.0007477567298105336
2022-07-27,2022-07-28,0.008231479171863176
2022-07-28,2022-07-29,0.0047006432459177905
2022-07-29,2022-08-01,0.007797750964458672
2022-08-01,2022-08-02,-0.004886789379377698
2022-08-02,2022-08-03,-0.007038795220166927
2022-08-03,2022-08-04,0.0007418397626111073
2022-08-04,2022-08-05,-0.006589243060703409
2022-08-05,2022-08-08,0.00306773899344992
2022-08-08,2022-08-09,-0.0007439246156388801
2022-08-09,2022-08-10,0.012904293159070157
2022-08-10,2022-08-11,-0.0012249897917515629
2022-08-11,2022-08-12,-0.008013082583810283
2022-08-12,2022-08-15,-0.0034619188921859445
2022-08-15,2022-08-16,0.0
2022-08-16,2022-08-17,-0.00496277915632759
2022-08-17,2022-08-18,-0.004987531172069848
2022-08-18,2022-08-19,-0.013366750208855471
2022-08-19,2022-08-22,-0.0049110922946655755
2022-08-22,2022-08-23,0.007828454731109602
2022-08-23,2022-08-24,-0.0035460992907800915
2022-08-24,2022-08-25,8.47314014573719e-05
2022-08-25,2022-08-26,-0.0021181055663813675
2022-08-26,2022-08-29,-0.005094243504839557
2022-08-29,2022-08-30,-0.00571769926608634
2022-08-30,2022-08-31,-0.00034331817011412635
2022-08-31,2022-09-01,-0.009101056065939916
2022-09-01,2022-09-02,0.0035525517719434685
2022-09-02,2022-09-06,-0.002849248834398077
2022-09-06,2022-09-07,-0.006580656333881718
2022-09-07,2022-09-08,0.0013945785757867313
2022-09-08,2022-09-09,0.009661415266776885
2022-09-09,2022-09-12,0.008706896551724075
2022-09-12,2022-09-13,-0.014955986667806065
2022-09-13,2022-09-14,0.003296893978830484
2022-09-14,2022-09-15,-0.007955724662746522
2022-09-15,2022-09-16,-0.00461994421199452
2022-09-16,2022-09-19,-0.0014011734827916733
2022-09-19,2022-09-20,0.00017539244058584202
2022-09-20,2022-09-21,-0.006576063130206089
2022-09-21,2022-09-22,-0.0053839364518976085
2022-09-22,2022-09-23,-0.03088117845416627
2022-09-23,2022-09-26,-0.019961541983334885
2022-09-26,2022-09-27,0.0046715874054001905
2022-09-27,2022-09-28,0.007346786943178696
2022-09-28,2022-09-29,0.019940915805022108
2022-09-29,2022-09-30,0.007784214337436479
2022-09-30,2022-10-03,0.012394467397161879
2022-10-03,2022-10-04,0.015436479772888756
2022-10-04,2022-10-05,-0.014939716931679281
2022-10-05,2022-10-06,-0.012594235033259404
2022-10-06,2022-10-07,-0.0015269918261026083
2022-10-07,2022-10-11,0.004677941705649502
2022-10-11,2022-10-12,-0.006446991404011504
2022-10-12,2022-10-13,0.022350396539293493
2022-10-13,2022-10-14,-0.011988716502115748
2022-10-14,2022-10-17,0.019539614561027818
2022-10-17,2022-10-18,-0.01050144394854291
2022-10-18,2022-10-19,-0.006633059166887834
2022-10-19,2022-10-20,0.004985754985755042
2022-10-20,2022-10-21,0.0003543586109142627
2022-10-21,2022-10-24,0.0002656748140275056
2022-10-24,2022-10-25,0.015405046480743811
2022-10-25,2022-10-26,0.012729967739122827
2022-10-26,2022-10-27,-0.003529918209212224
2022-10-27,2022-10-28,-8.64005529634948e-05
2022-10-28,2022-10-31,-0.005011665082519712
2022-10-31,2022-11-01,-0.004776378636561107
2022-11-01,2022-11-02,0.0006108202443282362
2022-11-02,2022-11-03,-0.024766721897619193
2022-11-03,2022-11-04,0.008584458553160923
2022-11-04,2022-11-07,0.016313502970121574
2022-11-07,2022-11-08,0.011515310128238587
2022-11-08,2022-11-09,-0.01716257007330746
2022-11-09,2022-11-10,0.024657774657774745
2022-11-10,2022-11-14,0.004367560161000261
2022-11-14,2022-11-15,0.013813096862210106
2022-11-15,2022-11-16,-8.410428931870939e-05
2022-11-16,2022-11-17,-0.0064765749852805365
2022-11-17,2022-11-18,0.007619370132069037
2022-11-18,2022-11-21,-0.009830280625104826
2022-11-21,2022-11-22,0.008061094611794495
2022-11-22,2022-11-23,0.013468013468013407
2022-11-23,2022-11-25,0.005149501661129596
2022-11-25,2022-11-28,-0.005040489175342944
2022-11-28,2022-11-29,-0.003737231126982765
2022-11-29,2022-11-30,-0.0028342780926976507
2022-11-30,2022-12-01,0.024243437552248892
2022-12-01,2022-12-02,0.00326477309826978
2022-12-02,2022-12-05,-0.01000650829808003
2022-12-05,2022-12-06,0.002711808694222828
2022-12-06,2022-12-07,-0.000655630224553283
2022-12-07,2022-12-08,0.003362309332458624
2022-12-08,2022-12-09,0.006211687780956376
2022-12-09,2022-12-12,-0.0021119324181627652
2022-12-12,2022-12-13,0.007326007326007522
2022-12-13,2022-12-14,0.002666666666666595
2022-12-14,2022-12-15,-0.016279819471308854
2022-12-15,2022-12-16,-0.003113223005079324
2022-12-16,2022-12-19,0.0009861932938854956
2022-12-19,2022-12-20,-0.0027914614121511416
2022-12-20,2022-12-21,-0.00609254075415766
2022-12-21,2022-12-22,-0.0033134526176276102
2022-12-22,2022-12-23,0.0018284574468085957
2022-12-23,2022-12-27,-0.0018251202920192
2022-12-27,2022-12-28,0.00016622340425520576
2022-12-28,2022-12-29,0.002160545122153801
2022-12-29,2022-12-30,0.001409618573797733
2022-12-30,2023-01-03,-0.008859816179514701
2023-01-03,2023-01-04,0.007769423558897204
2023-01-04,2023-01-05,-0.013346597032247387
2023-01-05,2023-01-06,0.013611157788606887
2023-01-06,2023-01-09,0.01177055702917773
2023-01-09,2023-01-10,-0.00417827298050133
2023-01-10,2023-01-11,-0.002468120115179051
2023-01-11,2023-01-12,0.004701030927835026
2023-01-12,2023-01-13,0.0009850599244787261
2023-01-13,2023-01-17,0.00574052812858783
2023-01-17,2023-01-18,0.008561643835616639
2023-01-18,2023-01-19,-0.0002425418384672806
2023-01-19,2023-01-20,0.0006469351447517813
2023-01-20,2023-01-23,-0.00032325844512681723
2023-01-23,2023-01-24,-0.003799514955537764
2023-01-24,2023-01-25,0.004138602613000142
2023-01-25,2023-01-26,-0.00032325844512681723
2023-01-26,2023-01-27,0.0007275666936135128
2023-01-27,2023-01-30,-0.00048469181678645334
2023-01-30,2023-01-31,-0.003960235997737094
2023-01-31,2023-02-01,-0.0012982797792924217
2023-02-01,2023-02-02,-0.0038999025024373246
2023-02-02,2023-02-03,-0.01525285481239802
2023-02-03,2023-02-06,-0.005301085065849365
2023-02-06,2023-02-07,0.00033308352069272296
2023-02-07,2023-02-08,0.0066594522600516015
2023-02-08,2023-02-09,0.005292317869842078
2023-02-09,2023-02-10,-0.00789668503742702
2023-02-10,2023-02-13,0.006218389851587736
2023-02-13,2023-02-14,0.0017303889255109173
2023-02-14,2023-02-15,-0.010364399111622902
2023-02-15,2023-02-16,-0.001080541933338952
2023-02-16,2023-02-17,-0.0004992511233149477
2023-02-17,2023-02-21,0.008241758241758212
2023-02-21,2023-02-22,-0.003880769548344598
2023-02-22,2023-02-23,-0.003978779840848712
2023-02-23,2023-02-24,-0.00565912117177092
2023-02-24,2023-02-27,0.007365249414127861
2023-02-27,2023-02-28,0.004735792622133639
2023-02-28,2023-03-01,-0.004878855536260662
2023-03-01,2023-03-02,-0.007645005816852346
2023-03-02,2023-03-03,0.0045218556355719475
2023-03-03,2023-03-06,0.004334778259419858
2023-03-06,2023-03-07,-0.015853253652058474
2023-03-07,2023-03-08,-0.0016867673104494774
2023-03-08,2023-03-09,0.007180873532145027
2023-03-09,2023-03-10,0.010149303808085985
2023-03-10,2023-03-13,0.009715187245702861
2023-03-13,2023-03-14,-0.0011513157894736947
2023-03-14,2023-03-15,-0.00938580602667538
2023-03-15,2023-03-16,0.006565824468085069
2023-03-16,2023-03-17,0.002477086945751772
2023-03-17,2023-03-20,0.009554402438020082
2023-03-20,2023-03-21,-0.00505833401321687
2023-03-21,2023-03-22,0.003034030340303362
2023-03-22,2023-03-23,0.007357750163505372
2023-03-23,2023-03-24,-0.007872098685278384
2023-03-24,2023-03-27,0.004335378323108374
2023-03-27,2023-03-28,0.0051311288483466555
2023-03-28,2023-03-29,-0.0022688598979012653
2023-03-29,2023-03-30,0.004466823682286902
2023-03-30,2023-03-31,8.0853816300408e-05
2023-03-31,2023-04-03,0.002748807502627404
2023-04-03,2023-04-04,0.007659437232927502
2023-04-04,2023-04-05,-0.0023203712594016546
2023-04-05,2023-04-06,-0.001042585612318403
2023-04-06,2023-04-07,-0.002729608220937707
2023-04-07,2023-04-10,-0.005152149412332885
2023-04-10,2023-04-11,0.004126881372390256
2023-04-11,2023-04-12,0.004996373599806647
2023-04-12,2023-04-13,0.004811161895597715
2023-04-13,2023-04-14,-0.009097438352884901
2023-04-14,2023-04-17,-0.0046710155432069245
2023-04-17,2023-04-18,0.004854761712112632
2023-04-18,2023-04-19,0.001852000966261258
2023-04-19,2023-04-20,0.0004822375823823055
2023-04-20,2023-04-21,-0.0023296915167094756
2023-04-21,2023-04-24,0.0030598276833884164
2023-04-24,2023-04-25,-0.004736292847395074
2023-04-25,2023-04-26,0.007097919019196652
2023-04-26,2023-04-27,-0.0012013455069677104
2023-04-27,2023-04-28,0.008900649506855762
2023-04-28,2023-05-01,-0.006914639961850155
2023-05-01,2023-05-02,-0.0016006402561024036
2023-05-02,2023-05-03,0.005771543086172226
2023-05-03,2023-05-04,0.0026301107834543203
2023-05-04,2023-05-05,0.00556438791732905
2023-05-05,2023-05-08,-0.0013438735177864203
2023-05-08,2023-05-09,-0.0011873664212777024
2023-05-09,2023-05-10,-0.0003170074496749997
2023-05-10,2023-05-11,-0.008958300301252664
2023-05-11,2023-05-12,-0.002959763218942535
2023-05-12,2023-05-15,0.004974326059050016
2023-05-15,2023-05-16,-0.0025546862525944736
2023-05-16,2023-05-17,-0.0015207299503762206
2023-05-17,2023-05-18,-0.00408817635270553
2023-05-18,2023-05-19,0.003219575016097931
2023-05-19,2023-05-22,-0.0031290115532733864
2023-05-22,2023-05-23,-0.00016096579476854167
2023-05-23,2023-05-24,-0.00442727199549231
2023-05-24,2023-05-25,-0.0034767141009055536
2023-05-25,2023-05-26,0.0013793103448276334
2023-05-26,2023-05-30,0.004942472856911406
2023-05-30,2023-05-31,-0.000564379585584085
2023-05-31,2023-06-01,0.01129396579541786
2023-06-01,2023-06-02,-0.005424377791959256
2023-06-02,2023-06-05,-0.002245749117741336
2023-06-05,2023-06-06,-0.0017684887459806786
2023-06-06,2023-06-07,0.0026574327588984037
2023-06-07,2023-06-08,0.007710224078387062
2023-06-08,2023-06-09,0.0025504104566829167
2023-06-09,2023-06-12,-0.00715478177915585
2023-06-12,2023-06-13,0.009768596364801096
2023-06-13,2023-06-14,0.006740147490286175
2023-06-14,2023-06-15,0.0051984877126654006
2023-06-15,2023-06-16,0.004152954082432325
2023-06-16,2023-06-20,-0.006476785017557551
2023-06-20,2023-06-21,0.0003927112786679121
2023-06-21,2023-06-22,0.0010206485043573466
2023-06-22,2023-06-23,-0.0038431372549019294
2023-06-23,2023-06-26,0.001810881032989542
2023-06-26,2023-06-27,0.002200565859792558
2023-06-27,2023-06-28,-0.009018193224592075
2023-06-28,2023-06-29,-0.0015826541109440484
2023-06-29,2023-06-30,0.00729174922723308
2023-06-30,2023-07-03,-0.0011015815563772957
2023-07-03,2023-07-05,0.0011815675462778508
2023-07-05,2023-07-06,0.0008654602675060019
2023-07-06,2023-07-07,0.009197390142284378
2023-07-07,2023-07-10,-7.789375292099887e-05
2023-07-10,2023-07-11,0.004985588533146235
2023-07-11,2023-07-12,0.00713123013719863
2023-07-12,2023-07-13,0.008004310013084215
2023-07-13,2023-07-14,0.0012216538138503097
2023-07-14,2023-07-17,-0.002669106993060222
2023-07-17,2023-07-18,-0.001835142988224625
2023-07-18,2023-07-19,-0.011950360042898622
2023-07-19,2023-07-20,-0.003799038610637351
2023-07-20,2023-07-21,0.000389135341271718
2023-07-21,2023-07-24,-0.0020227166640736094
2023-07-24,2023-07-25,0.00374181478016844
2023-07-25,2023-07-26,0.004193849021435048
2023-07-26,2023-07-27,-0.004640371229698403
2023-07-27,2023-07-28,0.0
2023-07-28,2023-07-31,-0.0010101010101009056
2023-07-31,2023-08-01,-0.008322314692385535
2023-08-01,2023-08-02,-0.0029803921568626324
2023-08-02,2023-08-03,-0.00023599748269365062
2023-08-03,2023-08-04,0.005193170194350616
2023-08-04,2023-08-07,-0.0004696673189824585
2023-08-07,2023-08-08,-0.0031325867334951463
2023-08-08,2023-08-09,-0.0010998507345429953
2023-08-09,2023-08-10,0.0008651199370821594
2023-08-10,2023-08-11,-0.0025145371680024287
2023-08-11,2023-08-14,-0.0002363321254137407
2023-08-14,2023-08-15,0.004254983846820659
2023-08-15,2023-08-16,0.00031384856806582206
2023-08-16,2023-08-17,0.0003137500980470165
2023-08-17,2023-08-18,-0.001176193836744388
2023-08-18,2023-08-21,-7.850525985242385e-05
2023-08-21,2023-08-22,-0.000314045693648346
2023-08-22,2023-08-23,-0.0014136495719783149
2023-08-23,2023-08-24,-0.006370428627605174
2023-08-24,2023-08-25,-0.005065695741649612
2023-08-25,2023-08-28,0.0017501988862371753
2023-08-28,2023-08-29,0.0017471410419314104
2023-08-29,2023-08-30,0.008879023307436062
2023-08-30,2023-08-31,-0.004636177903504679
2023-08-31,2023-09-01,-0.0057630062366779145
2023-09-01,2023-09-05,-0.000873431792917323
2023-09-05,2023-09-06,-0.006755145831677578
2023-09-06,2023-09-07,-0.0010401664266282973
2023-09-07,2023-09-08,-0.0007208650380455817
2023-09-08,2023-09-11,0.004248156460403774
2023-09-11,2023-09-12,-0.004150371138957554
2023-09-12,2023-09-13,0.000881622184820019
2023-09-13,2023-09-14,-0.006245996156309941
2023-09-14,2023-09-15,-0.0014504431909750926
2023-09-15,2023-09-18,0.0008876694641704042
2023-09-18,2023-09-19,-0.0008062565508344388
2023-09-19,2023-09-20,-0.0003227628499961055
2023-09-20,2023-09-21,-0.007264508838485617
2023-09-21,2023-09-22,-0.0034149117814455954
2023-09-22,2023-09-25,-0.003181855266378375
2023-09-25,2023-09-26,-0.004092322802422554
2023-09-26,2023-09-27,-0.002876397107166362
2023-09-27,2023-09-28,0.0074177862029176644
2023-09-28,2023-09-29,-0.0007363167798412062
2023-09-29,2023-10-02,-0.006877353856230561
2023-10-02,2023-10-03,-0.005028854080791456
2023-10-03,2023-10-04,0.007291407738834854
2023-10-04,2023-10-05,0.0011515999012914335
2023-10-05,2023-10-06,0.006901651466600933
2023-10-06,2023-10-10,0.0026927784577721603
2023-10-10,2023-10-11,0.0013020833333334814
2023-10-11,2023-10-12,-0.007314694408322442
2023-10-12,2023-10-13,-0.006140494514491612
2023-10-13,2023-10-16,0.004860367410824518
2023-10-16,2023-10-17,0.000655845220527862
2023-10-17,2023-10-18,-0.004587907586432793
2023-10-18,2023-10-19,-0.0004115226337449984
2023-10-19,2023-10-20,0.0006587072869495003
2023-10-20,2023-10-23,0.0067473051921336236
2023-10-23,2023-10-24,-0.005312627707396822
2023-10-24,2023-10-25,-0.0024650780608053147
2023-10-25,2023-10-26,-0.0022240527182866288
2023-10-26,2023-10-27,0.003137125402460139
2023-10-27,2023-10-30,0.0004937865196279478
2023-10-30,2023-10-31,-0.001809656987743713
2023-10-31,2023-11-01,-0.0006592501030079356
2023-11-01,2023-11-02,0.003958110002473925
2023-11-02,2023-11-03,0.016344969199178605
2023-11-03,2023-11-06,0.001373848391789334
2023-11-06,2023-11-07,-0.00766685497538544
2023-11-07,2023-11-08,0.0004066363044892274
2023-11-08,2023-11-09,-0.0017884724819120512
2023-11-09,2023-11-13,-0.0008958384233244132
2023-11-13,2023-11-14,0.017525268992500953
2023-11-14,2023-11-15,-0.0041656653048144365
2023-11-15,2023-11-16,-0.0006435524092994749
2023-11-16,2023-11-17,0.0005634709812445404
2023-11-17,2023-11-20,0.006033789219629826
2023-11-20,2023-11-21,0.0027988804478209506
2023-11-21,2023-11-22,-0.005741626794258492
2023-11-22,2023-11-24,0.010667308309271872
2023-11-24,2023-11-27,0.0009523053725895014
2023-11-27,2023-11-28,0.007928327915642575
2023-11-28,2023-11-29,-0.0018091717139937513
2023-11-29,2023-11-30,-0.003940110323088941
2023-11-30,2023-12-01,0.003322784810126489
2023-12-01,2023-12-04,-0.0038637438889764786
2023-12-04,2023-12-05,-0.003403783740995925
2023-12-05,2023-12-06,-7.942811755357049e-05
2023-12-06,2023-12-07,-0.000556040988164197
2023-12-07,2023-12-08,-0.003417580670799558
2023-12-08,2023-12-11,0.0008772629396283094
2023-12-11,2023-12-12,-7.968127490043386e-05
2023-12-12,2023-12-13,-0.0017531277392620614
2023-12-13,2023-12-14,0.01915861738644531
2023-12-14,2023-12-15,-0.004542962324743494
2023-12-15,2023-12-18,-0.0060586985600753485
2023-12-18,2023-12-19,0.009420519316022613
2023-12-19,2023-12-20,-0.007136695161163775
2023-12-20,2023-12-21,0.0006319115323853985
2023-12-21,2023-12-22,0.004104831070413706
2023-12-22,2023-12-26,-0.0008647798742139612
2023-12-26,2023-12-27,0.006924226925800747
2023-12-27,2023-12-28,-0.0042197390013284375
2023-12-28,2023-12-29,0.0
2023-12-29,2024-01-02,-0.008710664678647007
2024-01-02,2024-01-03,0.0007124762507915161
2024-01-03,2024-01-04,0.004034490942172342
2024-01-04,2024-01-05,0.0037819098644815696
2024-01-05,2024-01-08,0.0020408163265306367
2024-01-08,2024-01-09,-0.003603321322262265
2024-01-09,2024-01-10,0.0007861635220125507
2024-01-10,2024-01-11,-0.0014139827179888709
2024-01-11,2024-01-12,0.0026746381371931527
2024-01-12,2024-01-16,-0.006982582771065338
2024-01-16,2024-01-17,0.000711068973690443
2024-01-17,2024-01-18,0.001657981999052538
2024-01-18,2024-01-19,-0.0007882084023014269
2024-01-19,2024-01-22,0.004023033840814039
2024-01-22,2024-01-23,-0.005263984915147679
2024-01-23,2024-01-24,0.0073453913592924636
2024-01-24,2024-01-25,-0.004233965814646412
2024-01-25,2024-01-26,0.0015748031496063408
2024-01-26,2024-01-29,-0.0030660377358490143
2024-01-29,2024-01-30,0.00015771626843297248
2024-01-30,2024-01-31,0.003942284948356134
2024-01-31,2024-02-01,-0.00047121652399284564
2024-02-01,2024-02-02,-0.00785731122809774
2024-02-02,2024-02-05,-0.0075235606240594555
2024-02-05,2024-02-06,0.004548356208107007
2024-02-06,2024-02-07,0.0031773770752243635
2024-02-07,2024-02-08,-0.0007126454984558439
2024-02-08,2024-02-09,0.0006339144215530279
2024-02-09,2024-02-12,0.00023756731073798498
2024-02-12,2024-02-13,-0.0019792573826299398
2024-02-13,2024-02-14,-0.003490401396160525
2024-02-14,2024-02-15,0.0014328928514568684
2024-02-15,2024-02-16,0.0007949125596182771
2024-02-16,2024-02-20,0.004368546465448819
2024-02-20,2024-02-21,-0.0016607354685646003
2024-02-21,2024-02-22,0.0019803548795944703
2024-02-22,2024-02-23,0.002292671357419618
2024-02-23,2024-02-26,0.00023663038334120756
2024-02-26,2024-02-27,0.000946297610598501
2024-02-27,2024-02-28,-0.0018120223745372588
2024-02-28,2024-02-29,-0.0029992107340172103
2024-02-29,2024-03-01,0.0015832805573148256
2024-03-01,2024-03-04,0.003872905469490817
2024-03-04,2024-03-05,0.0008660735375167761
2024-03-05,2024-03-06,0.00353996224040265
2024-03-06,2024-03-07,0.0030571450968095437
2024-03-07,2024-03-08,0.004376367614879584
2024-03-08,2024-03-11,-0.003501400560224077
2024-03-11,2024-03-12,-0.0016397282736003715
2024-03-12,2024-03-13,0.0010167370561551259
2024-03-13,2024-03-14,-0.003906555199625017
2024-03-14,2024-03-15,-0.0005490626715820568
2024-03-15,2024-03-18,-0.00047088369172809674
2024-03-18,2024-03-19,-0.0018059045226130888
2024-03-19,2024-03-20,0.0
2024-03-20,2024-03-21,-0.003382364508770719
2024-03-21,2024-03-22,-0.00528808208366216
2024-03-22,2024-03-25,0.0035705784337061175
2024-03-25,2024-03-26,-0.0014231499051233776
2024-03-26,2024-03-27,7.917656373712667e-05
2024-03-27,2024-03-28,0.00023751088591583702
2024-03-28,2024-03-29,0.00023745448788980994
2024-03-29,2024-04-01,-0.007280208910342756
2024-04-01,2024-04-02,0.0024711040255083194
2024-04-02,2024-04-03,0.004691475826972047
2024-04-03,2024-04-04,0.002690937870993171
2024-04-04,2024-04-05,-0.0028415818138762816
2024-04-05,2024-04-08,0.0017414707512071192
2024-04-08,2024-04-09,0.001659423152903905
2024-04-09,2024-04-10,-0.010413379615020535
2024-04-10,2024-04-11,-0.0007174744897958663
2024-04-11,2024-04-12,-0.006222576785002043
2024-04-12,2024-04-15,0.0007224853496026196
2024-04-15,2024-04-16,-0.0023263276111020748
2024-04-16,2024-04-17,0.0004824314545308628
2024-04-17,2024-04-18,0.0017680623643816507
2024-04-18,2024-04-19,-0.005455274769354146
2024-04-19,2024-04-22,-0.0045172219085263254
2024-04-22,2024-04-23,0.0075358560894580595
2024-04-23,2024-04-24,0.0
2024-04-24,2024-04-25,0.00482547852662063
2024-04-25,2024-04-26,-0.0016007683688170626
2024-04-26,2024-04-29,0.006333172999839709
2024-04-29,2024-04-30,-0.0031068270532940145
2024-04-30,2024-05-01,-0.0020776730062331827
2024-05-01,2024-05-02,0.0015214606021780597
2024-05-02,2024-05-03,0.0034380746781801363
2024-05-03,2024-05-06,0.0019920318725101804
2024-05-06,2024-05-07,-0.0031809145129224614
2024-05-07,2024-05-08,-0.002552852014359841
2024-05-08,2024-05-09,0.0001599616092138323
2024-05-09,2024-05-10,0.0018392642942821613
2024-05-10,2024-05-13,0.0027937420178800743
2024-05-13,2024-05-14,0.00198997054843586
2024-05-14,2024-05-15,0.005560851604702988
2024-05-15,2024-05-16,0.0018960341286142768
2024-05-16,2024-05-17,0.001655890238132729
2024-05-17,2024-05-20,0.0003936078091788531
2024-05-20,2024-05-21,0.00015738117721109113
2024-05-21,2024-05-22,0.0022816679779702476
2024-05-22,2024-05-23,-0.0017269801397283846
2024-05-23,2024-05-24,0.0022804120468662425
2024-05-24,2024-05-28,0.0031382394476697772
2024-05-28,2024-05-29,-0.005631159080243919
2024-05-29,2024-05-30,0.0019663363221644747
2024-05-30,2024-05-31,-7.849909726032056e-05
2024-05-31,2024-06-03,0.004474799811587493
2024-06-03,2024-06-04,-0.0007815552950372062
2024-06-04,2024-06-05,-0.0010950332420806008
2024-06-05,2024-06-06,0.0011745360582571251
2024-06-06,2024-06-07,-0.0046144220240889045
2024-06-07,2024-06-10,0.00047143867368593106
2024-06-10,2024-06-11,-0.0006282886986571645
2024-06-11,2024-06-12,0.009273084479371363
2024-06-12,2024-06-13,-0.0061512107762984325
2024-06-13,2024-06-14,-0.006189282356628079
2024-06-14,2024-06-17,0.00031533307055564563
2024-06-17,2024-06-18,0.0007880841673890693
2024-06-18,2024-06-20,-0.0022048980234665727
2024-06-20,2024-06-21,-0.002051929603030467
2024-06-21,2024-06-24,0.0030842230130485593
2024-06-24,2024-06-25,-0.0005518763796908965
2024-06-25,2024-06-26,-0.004101916857300658
2024-06-26,2024-06-27,0.00221782178217822
2024-06-27,2024-06-28,-0.0010274243262468064
2024-06-28,2024-07-01,0.0007911392405062223
2024-07-01,2024-07-02,0.0022924901185772395
2024-07-02,2024-07-03,0.00686173988484895
2024-07-03,2024-07-05,0.0032116559611468087
2024-07-05,2024-07-08,0.0017178105723432147
2024-07-08,2024-07-09,-0.003273832722737513
2024-07-09,2024-07-10,0.0043012434503792996
2024-07-10,2024-07-11,0.00607382027721548
2024-07-11,2024-07-12,0.005108359133126905
2024-07-12,2024-07-15,0.0
2024-07-15,2024-07-16,-0.002156168181118079
2024-07-16,2024-07-17,0.003858620157431547
2024-07-17,2024-07-18,-0.0026906519065190704
2024-07-18,2024-07-19,-0.003931241809912778
2024-07-19,2024-07-22,-0.0008512614146417574
2024-07-22,2024-07-23,0.0003872666718303108
2024-07-23,2024-07-24,0.0006968101579436503
2024-07-24,2024-07-25,-0.0031721470019342446
2024-07-25,2024-07-26,-0.001552312946289991
2024-07-26,2024-07-29,-0.0008550995024875219
2024-07-29,2024-07-30,-0.0019450711896056294
2024-07-30,2024-07-31,0.00093545369504211
2024-07-31,2024-08-01,-0.00529595015576334
2024-08-01,2024-08-02,0.002035703100532471
2024-08-02,2024-08-05,-0.0025785278949836954
2024-08-05,2024-08-06,-0.005483744614179331
2024-08-06,2024-08-07,0.0018117369042929266
2024-08-07,2024-08-08,0.001808460449756133
2024-08-08,2024-08-09,0.001962169374460254
2024-08-09,2024-08-12,0.0007833307222309127
2024-08-12,2024-08-13,0.004070131496555884
2024-08-13,2024-08-14,0.0016370439663235814
2024-08-14,2024-08-15,0.0010895789555607216
2024-08-15,2024-08-16,0.0033429215579570126
2024-08-16,2024-08-19,0.006043700604370095
2024-08-19,2024-08-20,0.0033117683302525958
2024-08-20,2024-08-21,0.0038381822368926954
2024-08-21,2024-08-22,0.0012999923529859458
2024-08-22,2024-08-23,0.007866198258744683
2024-08-23,2024-08-26,-0.0009092975676290305
2024-08-26,2024-08-27,0.003792188092529347
2024-08-27,2024-08-28,-0.002568945976577197
2024-08-28,2024-08-29,-0.0011362775547307802
2024-08-29,2024-08-30,-0.004095252540573413
2024-08-30,2024-09-03,-0.0022083460249771036
2024-09-03,2024-09-04,0.002976417614286797
2024-09-04,2024-09-05,0.0017501141378786222
2024-09-05,2024-09-06,-0.002202810482339501
2024-09-06,2024-09-09,-0.004034713763702902
2024-09-09,2024-09-10,-0.0013758312313689736
2024-09-10,2024-09-11,-0.002908534251817807
2024-09-11,2024-09-12,0.004145236815844111
2024-09-12,2024-09-13,0.004510358535280146
2024-09-13,2024-09-16,0.00471841704718412
2024-09-16,2024-09-17,-0.0028783517648841572
2024-09-17,2024-09-18,0.0026587663324217914
2024-09-18,2024-09-19,0.006061065232214613
2024-09-19,2024-09-20,0.0019579787634611545
2024-09-20,2024-09-23,0.003457346862081767
2024-09-23,2024-09-24,0.0018725189124408903
2024-09-24,2024-09-25,-0.0028409090909089496
2024-09-25,2024-09-26,0.006747638326585648
2024-09-26,2024-09-27,-0.002532022639261333
2024-09-27,2024-09-30,0.00037330147827407956
2024-09-30,2024-10-01,-0.008731994924994435
2024-10-01,2024-10-02,-0.000828188525824447
2024-10-02,2024-10-03,-0.011830306683746517
2024-10-03,2024-10-04,-0.0005337806923897404
2024-10-04,2024-10-07,-0.0020599679560540096
2024-10-07,2024-10-08,0.0009938837920488997
2024-10-08,2024-10-09,-0.0009928969678453248
2024-10-09,2024-10-10,-0.0020642201834863982
2024-10-10,2024-10-11,0.0013023825940396971
2024-10-11,2024-10-15,0.0009946442234125552
2024-10-15,2024-10-16,-0.00634411067797902
2024-10-16,2024-10-17,0.0006153846153844622
2024-10-17,2024-10-18,0.0010762607626075837
2024-10-18,2024-10-21,-0.003225311012133303
2024-10-21,2024-10-22,-0.0008474576271186862
2024-10-22,2024-10-23,-0.0019276736833988561
2024-10-23,2024-10-24,0.0015451174289244918
2024-10-24,2024-10-25,0.001079913606911509
2024-10-25,2024-10-28,0.0002311604253351085
2024-10-28,2024-10-29,0.0018488560203373527
2024-10-29,2024-10-30,0.0005382545174932307
2024-10-30,2024-10-31,-0.011988933292345405
2024-10-31,2024-11-01,0.008011823273179841
2024-11-01,2024-11-04,-0.0013118296164827958
2024-11-04,2024-11-05,0.005640550146808865
2024-11-05,2024-11-06,-0.009066461774875134
2024-11-06,2024-11-07,0.006823292238504974
2024-11-07,2024-11-08,-0.006160954948016939
2024-11-08,2024-11-12,-0.013328167376985611
2024-11-12,2024-11-13,-0.0018848660959712715
2024-11-13,2024-11-14,-0.00023605319065223007
2024-11-14,2024-11-15,-0.006060129072879006
2024-11-15,2024-11-18,0.002771399160661936
2024-11-18,2024-11-19,0.00023689197725840216
2024-11-19,2024-11-20,-0.0022104681455750175
2024-11-20,2024-11-21,-0.004193369728617835
2024-11-21,2024-11-22,-0.005561735261401468
2024-11-22,2024-11-25,0.0030361137743688538
2024-11-25,2024-11-26,-0.0005575912059901933
2024-11-26,2024-11-27,0.010440742807045655
2024-11-27,2024-11-29,0.001656412683388453
2024-11-29,2024-12-02,-0.004724781478856577
2024-12-02,2024-12-03,0.0030065669752354918
2024-12-03,2024-12-04,0.002760905577029238
2024-12-04,2024-12-05,0.0033039647577093323
2024-12-05,2024-12-06,-0.0007840677434530763
2024-12-06,2024-12-09,0.0030602636534839966
2024-12-09,2024-12-10,-0.0019557224438707665
2024-12-10,2024-12-11,0.0003919109578303104
2024-12-11,2024-12-12,-0.003760871268510435
2024-12-12,2024-12-13,-0.00676366496264269
2024-12-13,2024-12-16,0.004830152822868028
2024-12-16,2024-12-17,0.0022064617809298692
2024-12-17,2024-12-18,-0.0017298317345494363
2024-12-18,2024-12-19,-0.013074984247007038
2024-12-19,2024-12-20,0.004549082202713439
2024-12-20,2024-12-23,-0.004607928815444473
2024-12-23,2024-12-24,-7.981482959529274e-05
2024-12-24,2024-12-26,-0.00047892720306508263
2024-12-26,2024-12-27,0.00407283181600393
2024-12-27,2024-12-30,-0.003976775630319063
2024-12-30,2024-12-31,-0.0001597061407010436
2024-12-31,2025-01-02,-0.011580544684929306
2025-01-02,2025-01-03,0.003474466709760815
2025-01-03,2025-01-06,0.008937917706739684
2025-01-06,2025-01-07,-0.00247406225059843
2025-01-07,2025-01-08,-0.010640851268101548
2025-01-08,2025-01-09,-0.005094614264919972
2025-01-09,2025-01-10,-0.007152726977159962
2025-01-10,2025-01-13,-0.004666393778141709
2025-01-13,2025-01-14,0.0024675111038001685
2025-01-14,2025-01-15,0.002133245815556295
2025-01-15,2025-01-16,0.0026199443261829547
2025-01-16,2025-01-17,-0.005307855626326963
2025-01-17,2025-01-21,0.012314259912979297
2025-01-21,2025-01-22,-0.0005676749655341151
2025-01-22,2025-01-23,0.0018662771827329117
2025-01-23,2025-01-24,0.012067708755163276
2025-01-24,2025-01-27,-0.00136043533930863
2025-01-27,2025-01-28,-0.0036861928039104708
2025-01-28,2025-01-29,0.00016086222150724083
2025-01-29,2025-01-30,0.0014475271411338309
2025-01-30,2025-01-31,-0.00048181161165994357
2025-01-31,2025-02-03,-0.004659757371254125
2025-02-03,2025-02-04,0.007910242957462232
2025-02-04,2025-02-05,0.002322415311924564
2025-02-05,2025-02-06,-0.006471716203259814
2025-02-06,2025-02-07,-0.003136308805790078
2025-02-07,2025-02-10,-0.0008873830267829286
2025-02-10,2025-02-11,0.0030682276947922027
2025-02-11,2025-02-12,0.0016904129437333992
2025-02-12,2025-02-13,0.0067502410800386325
2025-02-13,2025-02-14,0.006465517241379226
2025-02-14,2025-02-18,0.000396542152431012
2025-02-18,2025-02-19,-0.0034089107341049862
2025-02-19,2025-02-20,0.005727467981862855
2025-02-20,2025-02-21,0.00031638060586880457
2025-02-21,2025-02-24,-0.0005534909464695037
2025-02-24,2025-02-25,0.0009493670886076
2025-02-25,2025-02-26,0.0034777110338286565
2025-02-26,2025-02-27,-0.005356017643352362
2025-02-27,2025-02-28,-0.0029299968324356662
2025-02-28,2025-03-03,0.009530617107457617
2025-03-03,2025-03-04,0.0011800802454566828
2025-03-04,2025-03-05,0.01084394153701096
2025-03-05,2025-03-06,0.0023320895522389584
2025-03-06,2025-03-07,0.0018613308515589289
2025-03-07,2025-03-10,-0.0006967022758942454
2025-03-10,2025-03-11,0.0030211480362538623
2025-03-11,2025-03-12,0.0016991041087426328
2025-03-12,2025-03-13,-0.0019275250578256742
2025-03-13,2025-03-14,-0.002162997296253355
2025-03-14,2025-03-17,0.005496632344971664
2025-03-17,2025-03-18,-7.699414844475339e-05
2025-03-18,2025-03-19,-0.001386001386001423
2025-03-19,2025-03-20,0.0003084277893437015
2025-03-20,2025-03-21,-0.005935404301240954
2025-03-21,2025-03-24,0.0013182382133993809
2025-03-24,2025-03-25,0.0027104468365213297
2025-03-25,2025-03-26,-0.0045566882916280305
2025-03-26,2025-03-27,0.005741329816122409
2025-03-27,2025-03-28,-0.0016199953714417514
2025-03-28,2025-03-31,-0.003554319270591799
2025-03-31,2025-04-01,0.002093672456575657
2025-04-01,2025-04-02,0.003946452062214778
2025-04-02,2025-04-03,0.010713735162632743
2025-04-03,2025-04-04,-0.014184397163120477
2025-04-04,2025-04-07,-0.015316778834996603
2025-04-07,2025-04-08,0.0031424306701233196
2025-04-08,2025-04-09,0.00015662933667481838
2025-04-09,2025-04-10,0.013233106256362204
2025-04-10,2025-04-11,0.008578052550231696
2025-04-11,2025-04-14,0.009577810129492104
2025-04-14,2025-04-15,0.0035670916818457687
2025-04-15,2025-04-16,0.001815019284579833
2025-04-16,2025-04-17,0.0009058654789764198
2025-04-17,2025-04-18,0.0015084093823063416
2025-04-18,2025-04-21,0.007982528804879818
2025-04-21,2025-04-22,-0.0006723944714233099
2025-04-22,2025-04-23,-0.008971291866028741
2025-04-23,2025-04-24,0.003998189499094806
2025-04-24,2025-04-25,0.0016530167555788289
2025-04-25,2025-04-28,0.004800840147025642
2025-04-28,2025-04-29,0.0001493094438222986
2025-04-29,2025-04-30,-0.003956109576770839
2025-04-30,2025-05-01,-0.005320743405275885
2025-05-01,2025-05-02,0.0007534091765237783
2025-05-02,2025-05-05,7.52841978468588e-05
2025-05-05,2025-05-06,0.006398675097861961
2025-05-06,2025-05-07,-0.001869997756002606
2025-05-07,2025-05-08,-0.004271582733813006
2025-05-08,2025-05-09,0.0023331075487318387
2025-05-09,2025-05-12,-0.009310707313410549
2025-05-12,2025-05-13,0.006518114294376431
2025-05-13,2025-05-14,0.0017319277108434061
2025-05-14,2025-05-15,-0.0008268811546268129
2025-05-15,2025-05-16,-0.002633162804694389
2025-05-16,2025-05-19,0.007543184732594188
2025-05-19,2025-05-20,0.001048139552294547
2025-05-20,2025-05-21,0.005683942861416602
2025-05-21,2025-05-22,-0.001561686621551317
2025-05-22,2025-05-23,0.006330999553105787
2025-05-23,2025-05-27,-0.00044408259936346006
2025-05-27,2025-05-28,-0.003184005923731914
2025-05-28,2025-05-29,0.002005645520724908
2025-05-29,2025-05-30,-0.0015568240788790266
2025-05-30,2025-06-02,0.006014256014255981
2025-06-02,2025-06-03,-0.0021403793637906343
2025-06-03,2025-06-04,0.0036982248520709415
2025-06-04,2025-06-05,0.0010316875460574249
2025-06-05,2025-06-06,-0.00382803297997647
2025-06-06,2025-06-09,0.0022908660951819204
2025-06-09,2025-06-10,-0.0040551500405515695
2025-06-10,2025-06-11,0.0035534498075213694
2025-06-11,2025-06-12,0.002434346414871724
2025-06-12,2025-06-13,0.0003679446611228876
2025-06-13,2025-06-16,0.00044137119317366746
2025-06-16,2025-06-17,-0.00617647058823545
2025-06-17,2025-06-18,-0.003329387392719707
2025-06-18,2025-06-20,-0.0004454012322766543
2025-06-20,2025-06-23,0.0019309320460452195
2025-06-23,2025-06-24,0.009265436216737033
2025-06-24,2025-06-25,0.0007344300822562655
2025-06-25,2025-06-26,0.00939380595919559
2025-06-26,2025-06-27,-0.002472008143085569
2025-06-27,2025-06-30,0.00014577259475223592
2025-06-30,2025-07-01,0.00043725404459982187
2025-07-01,2025-07-02,-0.007648601398601351
2025-07-02,2025-07-03,0.0024223739264477295
2025-07-03,2025-07-07,-0.0013181019332161314
2025-07-07,2025-07-08,-0.00461944566651995
2025-07-08,2025-07-09,0.0007366482504604921
2025-07-09,2025-07-10,-0.0011777695988222092
2025-07-10,2025-07-11,-0.0048640282998009265
2025-07-11,2025-07-14,-0.004887802710508926
2025-07-14,2025-07-15,-0.003051276326560992
2025-07-15,2025-07-16,0.002239474469991176
2025-07-16,2025-07-17,-0.0009682705198867936
2025-07-17,2025-07-18,0.0019384179527326406
2025-07-18,2025-07-21,0.00439020760473241
2025-07-21,2025-07-22,0.0017780411912875493
2025-07-22,2025-07-23,0.003253956515308465
2025-07-23,2025-07-24,-0.003095975232198178
2025-07-24,2025-07-25,-0.007024548950014808
2025-07-25,2025-07-28,-0.002680765507483862
2025-07-28,2025-07-29,-0.0040319569924586185
2025-07-29,2025-07-30,-0.004872929005172888
2025-07-30,2025-07-31,-0.004068103058610717
2025-07-31,2025-08-01,0.002950075642965233
2025-08-01,2025-08-04,0.0023380345425747517
2025-08-04,2025-08-05,0.0014296463506395796
2025-08-05,2025-08-06,0.0038319933879331636
2025-08-06,2025-08-07,0.005538922155688519
2025-08-07,2025-08-08,0.0007443799315172139
2025-08-08,2025-08-11,-0.0022314787265695912
2025-08-11,2025-08-12,0.007082152974504208
2025-08-12,2025-08-13,0.004663557628247883
2025-08-13,2025-08-14,-0.0029472443265546877
2025-08-14,2025-08-15,0.0024386639077742522
2025-08-15,2025-08-18,-0.0032436417250276683
2025-08-18,2025-08-19,-0.0018489756674803237
2025-08-19,2025-08-20,-0.0034084173088322345
2025-08-20,2025-08-21,-0.0024535315985130257
2025-08-21,2025-08-22,0.008273086382946993
2025-08-22,2025-08-25,-0.0027350680070964417
2025-08-25,2025-08-26,-0.00044474093840329854
2025-08-26,2025-08-27,-0.0012606599925844009
2025-08-27,2025-08-28,0.0035640035640034373
2025-08-28,2025-08-29,-0.00036993193252432555
2025-08-29,2025-09-02,-0.008807638220709069
2025-09-02,2025-09-03,0.004181600955794451
2025-09-03,2025-09-04,-0.0005205234979178686
2025-09-04,2025-09-05,0.007588721077300686
2025-09-05,2025-09-08,0.0005168721848924918
2025-09-08,2025-09-09,-0.0012546125461254665
2025-09-09,2025-09-10,0.0011084016847706657
2025-09-10,2025-09-11,0.0014762326542663295
2025-09-11,2025-09-12,-0.001547759433962237
2025-09-12,2025-09-15,0.004576659038901587
2025-09-15,2025-09-16,0.0033066353148651917
2025-09-16,2025-09-17,0.0005126702797715321
2025-09-17,2025-09-18,-0.007978918087987785
2025-09-18,2025-09-19,-0.005017709563164052
2025-09-19,2025-09-22,0.0015574013645802687
2025-09-22,2025-09-23,0.0009626064420584779
2025-09-23,2025-09-24,-0.00503032993046304
2025-09-24,2025-09-25,-0.007360594795539077
2025-09-25,2025-09-26,0.003969740094375007
2025-09-26,2025-09-29,0.0021635332736495982
2025-09-29,2025-09-30,0.0007444353457903841
2025-09-30,2025-10-01,0.002306032879565434
2025-10-01,2025-10-02,-0.003785067537479536
2025-10-02,2025-10-03,0.004320941667287581
2025-10-03,2025-10-06,-0.0003708923670352471
2025-10-06,2025-10-07,-0.0025972098545561373
2025-10-07,2025-10-08,-0.003794360538650454
2025-10-08,2025-10-09,-0.005825242718446644
2025-10-09,2025-10-10,0.002328725961538547
2025-10-10,2025-10-14,-0.0016488046166529546
2025-10-14,2025-10-15,0.005630207942346477
2025-10-15,2025-10-16,0.0021648253209913815
2025-10-16,2025-10-17,0.0
2025-10-17,2025-10-20,-0.0003724394785846741
2025-10-20,2025-10-21,-0.0021609538002981266
2025-10-21,2025-10-22,-0.0014188634157269453
2025-10-22,2025-10-23,-0.0036643733173795656
2025-10-23,2025-10-24,-0.001876454252045301
2025-10-24,2025-10-27,0.002481576176868616
2025-10-27,2025-10-28,-0.00382566949216101
2025-10-28,2025-10-29,-0.0027861445783132766
2025-10-29,2025-10-30,-0.007249112738805463
2025-10-30,2025-10-31,-0.00045637788088537246
2025-10-31,2025-11-03,0.0006848793851303991
2025-11-03,2025-11-04,-0.008060836501901147
2025-11-04,2025-11-05,0.0005366452008586098
2025-11-05,2025-11-06,0.0042908589380123985
2025-11-06,2025-11-07,0.004425116350041947
2025-11-07,2025-11-10,-0.0006076718571970119
2025-11-10,2025-11-12,-0.001976134377137728
2025-11-12,2025-11-13,0.006320919960399074
2025-11-13,2025-11-14,-0.004389284092628842
2025-11-14,2025-11-17,0.0017482517482516613
2025-11-17,2025-11-18,-0.0020487138629639023
2025-11-18,2025-11-19,-0.005702554744525412
2025-11-19,2025-11-20,0.00015294027682188904
2025-11-20,2025-11-21,0.0016056273415399058
2025-11-21,2025-11-24,-0.0003053435114503955
2025-11-24,2025-11-25,0.005956017104459255
2025-11-25,2025-11-26,0.004098982844997767
2025-11-26,2025-11-28,0.0008315693982461347
2025-11-28,2025-12-01,-0.0007553440592190652
2025-12-01,2025-12-02,-0.003250434651145162
2025-12-02,2025-12-03,0.011224025481571198
2025-12-03,2025-12-04,0.0015749212539373225
2025-12-04,2025-12-05,-0.002321228004492637
2025-12-05,2025-12-08,-0.00022515761032715353
2025-12-08,2025-12-09,-7.506943923130116e-05
2025-12-09,2025-12-10,0.0015015015015014122
2025-12-10,2025-12-11,0.006596701649175252
2025-12-11,2025-12-12,-0.005734286565385771
2025-12-12,2025-12-15,0.002172121938431637
2025-12-15,2025-12-16,0.003662182361733768
2025-12-16,2025-12-17,-0.0029041626331074433
2025-12-17,2025-12-18,-7.46825989544897e-05
2025-12-18,2025-12-19,-0.0007468817686159257
2025-12-19,2025-12-22,0.005830032139920727
2025-12-22,2025-12-23,0.002080701493646586
2025-12-23,2025-12-24,0.0014831294030404063
2025-12-24,2025-12-26,-0.0009626064420585889
2025-12-26,2025-12-29,0.00037058997924699355
2025-12-29,2025-12-30,-0.0012595391568495096
2025-12-30,2025-12-31,-0.0024480712166172758
